1,Real Escape Game,4.5,San Francisco,https://www.yelp.com/biz/real-escape-game-san-francisco-6?adjust_creative=W0G1IM24rTZuneG9fLL4Ng&utm_campaign=yelp_api&utm_medium=api_v2_search&utm_source=W0G1IM24rTZuneG9fLL4Ng,real-escape-game-san-francisco-6
2,Andy Goldsworthy's Wood Line,4.5,San Francisco,https://www.yelp.com/biz/andy-goldsworthys-wood-line-san-francisco?adjust_creative=W0G1IM24rTZuneG9fLL4Ng&utm_campaign=yelp_api&utm_medium=api_v2_search&utm_source=W0G1IM24rTZuneG9fLL4Ng,andy-goldsworthys-wood-line-san-francisco
3,Oxygen Paragliding,4.5,San Francisco,https://www.yelp.com/biz/oxygen-paragliding-san-francisco?adjust_creative=W0G1IM24rTZuneG9fLL4Ng&utm_campaign=yelp_api&utm_medium=api_v2_search&utm_source=W0G1IM24rTZuneG9fLL4Ng,oxygen-paragliding-san-francisco
4,Seward Street Slides,4.5,San Francisco,https://www.yelp.com/biz/seward-street-slides-san-francisco?adjust_creative=W0G1IM24rTZuneG9fLL4Ng&utm_campaign=yelp_api&utm_medium=api_v2_search&utm_source=W0G1IM24rTZuneG9fLL4Ng,seward-street-slides-san-francisco
5,Big Air Hang Gliding,5,San Francisco,https://www.yelp.com/biz/big-air-hang-gliding-san-francisco?adjust_creative=W0G1IM24rTZuneG9fLL4Ng&utm_campaign=yelp_api&utm_medium=api_v2_search&utm_source=W0G1IM24rTZuneG9fLL4Ng,big-air-hang-gliding-san-francisco
6,Basic Training,5,San Francisco,https://www.yelp.com/biz/basic-training-san-francisco-2?adjust_creative=W0G1IM24rTZuneG9fLL4Ng&utm_campaign=yelp_api&utm_medium=api_v2_search&utm_source=W0G1IM24rTZuneG9fLL4Ng,basic-training-san-francisco-2
7,Batter's Box SF,4.5,San Francisco,https://www.yelp.com/biz/batters-box-sf-san-francisco-2?adjust_creative=W0G1IM24rTZuneG9fLL4Ng&utm_campaign=yelp_api&utm_medium=api_v2_search&utm_source=W0G1IM24rTZuneG9fLL4Ng,batters-box-sf-san-francisco-2
8,PlanetXone,5,San Francisco,https://www.yelp.com/biz/planetxone-san-francisco-2?adjust_creative=W0G1IM24rTZuneG9fLL4Ng&utm_campaign=yelp_api&utm_medium=api_v2_search&utm_source=W0G1IM24rTZuneG9fLL4Ng,planetxone-san-francisco-2
9,Museum Hack,5,San Francisco,https://www.yelp.com/biz/museum-hack-san-francisco?adjust_creative=W0G1IM24rTZuneG9fLL4Ng&utm_campaign=yelp_api&utm_medium=api_v2_search&utm_source=W0G1IM24rTZuneG9fLL4Ng,museum-hack-san-francisco
10,Grandview Park,5,San Francisco,https://www.yelp.com/biz/grandview-park-san-francisco?adjust_creative=W0G1IM24rTZuneG9fLL4Ng&utm_campaign=yelp_api&utm_medium=api_v2_search&utm_source=W0G1IM24rTZuneG9fLL4Ng,grandview-park-san-francisco
11,EscapeSF,4.5,San Francisco,https://www.yelp.com/biz/escapesf-san-francisco?adjust_creative=W0G1IM24rTZuneG9fLL4Ng&utm_campaign=yelp_api&utm_medium=api_v2_search&utm_source=W0G1IM24rTZuneG9fLL4Ng,escapesf-san-francisco
12,Strawberry Hill,5,San Francisco,https://www.yelp.com/biz/strawberry-hill-san-francisco?adjust_creative=W0G1IM24rTZuneG9fLL4Ng&utm_campaign=yelp_api&utm_medium=api_v2_search&utm_source=W0G1IM24rTZuneG9fLL4Ng,strawberry-hill-san-francisco
13,Eagle Club Indoor Golf,4.5,San Francisco,https://www.yelp.com/biz/eagle-club-indoor-golf-san-francisco-2?adjust_creative=W0G1IM24rTZuneG9fLL4Ng&utm_campaign=yelp_api&utm_medium=api_v2_search&utm_source=W0G1IM24rTZuneG9fLL4Ng,eagle-club-indoor-golf-san-francisco-2
14,24th Street Mini Park,5,San Francisco,https://www.yelp.com/biz/24th-street-mini-park-san-francisco?adjust_creative=W0G1IM24rTZuneG9fLL4Ng&utm_campaign=yelp_api&utm_medium=api_v2_search&utm_source=W0G1IM24rTZuneG9fLL4Ng,24th-street-mini-park-san-francisco
15,Captain Kirk's San Francisco Sailing,5,San Francisco,https://www.yelp.com/biz/captain-kirks-san-francisco-sailing-san-francisco?adjust_creative=W0G1IM24rTZuneG9fLL4Ng&utm_campaign=yelp_api&utm_medium=api_v2_search&utm_source=W0G1IM24rTZuneG9fLL4Ng,captain-kirks-san-francisco-sailing-san-francisco
16,Lyon Street Steps,5,San Francisco,https://www.yelp.com/biz/lyon-street-steps-san-francisco?adjust_creative=W0G1IM24rTZuneG9fLL4Ng&utm_campaign=yelp_api&utm_medium=api_v2_search&utm_source=W0G1IM24rTZuneG9fLL4Ng,lyon-street-steps-san-francisco
17,Clash Scavenger Hunts,5,San Francisco,https://www.yelp.com/biz/clash-scavenger-hunts-san-francisco-3?adjust_creative=W0G1IM24rTZuneG9fLL4Ng&utm_campaign=yelp_api&utm_medium=api_v2_search&utm_source=W0G1IM24rTZuneG9fLL4Ng,clash-scavenger-hunts-san-francisco-3
18,Palace Games,5,San Francisco,https://www.yelp.com/biz/palace-games-san-francisco?adjust_creative=W0G1IM24rTZuneG9fLL4Ng&utm_campaign=yelp_api&utm_medium=api_v2_search&utm_source=W0G1IM24rTZuneG9fLL4Ng,palace-games-san-francisco
19,Human Motion Lab,5,San Francisco,https://www.yelp.com/biz/human-motion-lab-san-francisco?adjust_creative=W0G1IM24rTZuneG9fLL4Ng&utm_campaign=yelp_api&utm_medium=api_v2_search&utm_source=W0G1IM24rTZuneG9fLL4Ng,human-motion-lab-san-francisco
20,Foxhound Urban Adventures,5,San Francisco,https://www.yelp.com/biz/foxhound-urban-adventures-san-francisco?adjust_creative=W0G1IM24rTZuneG9fLL4Ng&utm_campaign=yelp_api&utm_medium=api_v2_search&utm_source=W0G1IM24rTZuneG9fLL4Ng,foxhound-urban-adventures-san-francisco
21,The Gun Range San Diego,5,San Diego,https://www.yelp.com/biz/the-gun-range-san-diego-san-diego?adjust_creative=W0G1IM24rTZuneG9fLL4Ng&utm_campaign=yelp_api&utm_medium=api_v2_search&utm_source=W0G1IM24rTZuneG9fLL4Ng,the-gun-range-san-diego-san-diego
22,San Diego Bay Adventures,5,San Diego,https://www.yelp.com/biz/san-diego-bay-adventures-san-diego?adjust_creative=W0G1IM24rTZuneG9fLL4Ng&utm_campaign=yelp_api&utm_medium=api_v2_search&utm_source=W0G1IM24rTZuneG9fLL4Ng,san-diego-bay-adventures-san-diego
23,Performance Archery,5,San Diego,https://www.yelp.com/biz/performance-archery-san-diego-2?adjust_creative=W0G1IM24rTZuneG9fLL4Ng&utm_campaign=yelp_api&utm_medium=api_v2_search&utm_source=W0G1IM24rTZuneG9fLL4Ng,performance-archery-san-diego-2
24,Ballistic Bubble Soccer,5,San Diego,https://www.yelp.com/biz/ballistic-bubble-soccer-san-diego?adjust_creative=W0G1IM24rTZuneG9fLL4Ng&utm_campaign=yelp_api&utm_medium=api_v2_search&utm_source=W0G1IM24rTZuneG9fLL4Ng,ballistic-bubble-soccer-san-diego
25,Mission Bay Boardwalk,4.5,San Diego,https://www.yelp.com/biz/mission-bay-boardwalk-san-diego?adjust_creative=W0G1IM24rTZuneG9fLL4Ng&utm_campaign=yelp_api&utm_medium=api_v2_search&utm_source=W0G1IM24rTZuneG9fLL4Ng,mission-bay-boardwalk-san-diego
26,iFLY Indoor Skydiving - San Diego,4.5,San Diego,https://www.yelp.com/biz/ifly-indoor-skydiving-san-diego-san-diego?adjust_creative=W0G1IM24rTZuneG9fLL4Ng&utm_campaign=yelp_api&utm_medium=api_v2_search&utm_source=W0G1IM24rTZuneG9fLL4Ng,ifly-indoor-skydiving-san-diego-san-diego
27,The Puzzalarium,5,San Diego,https://www.yelp.com/biz/the-puzzalarium-san-diego-15?adjust_creative=W0G1IM24rTZuneG9fLL4Ng&utm_campaign=yelp_api&utm_medium=api_v2_search&utm_source=W0G1IM24rTZuneG9fLL4Ng,the-puzzalarium-san-diego-15
28,Sunset Cliffs Natural Park,5,San Diego,https://www.yelp.com/biz/sunset-cliffs-natural-park-san-diego?adjust_creative=W0G1IM24rTZuneG9fLL4Ng&utm_campaign=yelp_api&utm_medium=api_v2_search&utm_source=W0G1IM24rTZuneG9fLL4Ng,sunset-cliffs-natural-park-san-diego
29,Quicksand Escape Games,5,San Diego,https://www.yelp.com/biz/quicksand-escape-games-san-diego?adjust_creative=W0G1IM24rTZuneG9fLL4Ng&utm_campaign=yelp_api&utm_medium=api_v2_search&utm_source=W0G1IM24rTZuneG9fLL4Ng,quicksand-escape-games-san-diego
30,Enigma HQ,5,San Diego,https://www.yelp.com/biz/enigma-hq-san-diego-2?adjust_creative=W0G1IM24rTZuneG9fLL4Ng&utm_campaign=yelp_api&utm_medium=api_v2_search&utm_source=W0G1IM24rTZuneG9fLL4Ng,enigma-hq-san-diego-2
31,Sail Stars & Stripes USA 11,5,San Diego,https://www.yelp.com/biz/sail-stars-and-stripes-usa-11-san-diego?adjust_creative=W0G1IM24rTZuneG9fLL4Ng&utm_campaign=yelp_api&utm_medium=api_v2_search&utm_source=W0G1IM24rTZuneG9fLL4Ng,sail-stars-and-stripes-usa-11-san-diego
32,Chillino Rock Climbing,5,San Diego,https://www.yelp.com/biz/chillino-rock-climbing-san-diego?adjust_creative=W0G1IM24rTZuneG9fLL4Ng&utm_campaign=yelp_api&utm_medium=api_v2_search&utm_source=W0G1IM24rTZuneG9fLL4Ng,chillino-rock-climbing-san-diego
33,Windansea Beach,4.5,San Diego,https://www.yelp.com/biz/windansea-beach-san-diego?adjust_creative=W0G1IM24rTZuneG9fLL4Ng&utm_campaign=yelp_api&utm_medium=api_v2_search&utm_source=W0G1IM24rTZuneG9fLL4Ng,windansea-beach-san-diego
34,Balboa Park,5,San Diego,https://www.yelp.com/biz/balboa-park-san-diego?adjust_creative=W0G1IM24rTZuneG9fLL4Ng&utm_campaign=yelp_api&utm_medium=api_v2_search&utm_source=W0G1IM24rTZuneG9fLL4Ng,balboa-park-san-diego
35,barre3,5,San Diego,https://www.yelp.com/biz/barre3-san-diego?adjust_creative=W0G1IM24rTZuneG9fLL4Ng&utm_campaign=yelp_api&utm_medium=api_v2_search&utm_source=W0G1IM24rTZuneG9fLL4Ng,barre3-san-diego
36,CKO Kickboxing,5,San Diego,https://www.yelp.com/biz/cko-kickboxing-san-diego-2?adjust_creative=W0G1IM24rTZuneG9fLL4Ng&utm_campaign=yelp_api&utm_medium=api_v2_search&utm_source=W0G1IM24rTZuneG9fLL4Ng,cko-kickboxing-san-diego-2
37,Aqua Adventures Kayaks & Paddleboards,5,San Diego,https://www.yelp.com/biz/aqua-adventures-kayaks-and-paddleboards-san-diego?adjust_creative=W0G1IM24rTZuneG9fLL4Ng&utm_campaign=yelp_api&utm_medium=api_v2_search&utm_source=W0G1IM24rTZuneG9fLL4Ng,aqua-adventures-kayaks-and-paddleboards-san-diego
38,Bootique Fitness,5,San Diego,https://www.yelp.com/biz/bootique-fitness-san-diego?adjust_creative=W0G1IM24rTZuneG9fLL4Ng&utm_campaign=yelp_api&utm_medium=api_v2_search&utm_source=W0G1IM24rTZuneG9fLL4Ng,bootique-fitness-san-diego
39,Luxury Jet Ski Rentals,5,San Diego,https://www.yelp.com/biz/luxury-jet-ski-rentals-san-diego?adjust_creative=W0G1IM24rTZuneG9fLL4Ng&utm_campaign=yelp_api&utm_medium=api_v2_search&utm_source=W0G1IM24rTZuneG9fLL4Ng,luxury-jet-ski-rentals-san-diego
40,Bubble Soccer Club,5,San Diego,https://www.yelp.com/biz/bubble-soccer-club-san-diego-3?adjust_creative=W0G1IM24rTZuneG9fLL4Ng&utm_campaign=yelp_api&utm_medium=api_v2_search&utm_source=W0G1IM24rTZuneG9fLL4Ng,bubble-soccer-club-san-diego-3
41,Washington Park Arboretum,4.5,Seattle,https://www.yelp.com/biz/washington-park-arboretum-seattle-2?adjust_creative=W0G1IM24rTZuneG9fLL4Ng&utm_campaign=yelp_api&utm_medium=api_v2_search&utm_source=W0G1IM24rTZuneG9fLL4Ng,washington-park-arboretum-seattle-2
42,UW Waterfront Activities Center,4.5,Seattle,https://www.yelp.com/biz/uw-waterfront-activities-center-seattle?adjust_creative=W0G1IM24rTZuneG9fLL4Ng&utm_campaign=yelp_api&utm_medium=api_v2_search&utm_source=W0G1IM24rTZuneG9fLL4Ng,uw-waterfront-activities-center-seattle
43,Kerry Park,4.5,Seattle,https://www.yelp.com/biz/kerry-park-seattle?adjust_creative=W0G1IM24rTZuneG9fLL4Ng&utm_campaign=yelp_api&utm_medium=api_v2_search&utm_source=W0G1IM24rTZuneG9fLL4Ng,kerry-park-seattle
44,Alki Kayak Tours,4.5,Seattle,https://www.yelp.com/biz/alki-kayak-tours-seattle?adjust_creative=W0G1IM24rTZuneG9fLL4Ng&utm_campaign=yelp_api&utm_medium=api_v2_search&utm_source=W0G1IM24rTZuneG9fLL4Ng,alki-kayak-tours-seattle
45,Gas Works Park,4.5,Seattle,https://www.yelp.com/biz/gas-works-park-seattle-2?adjust_creative=W0G1IM24rTZuneG9fLL4Ng&utm_campaign=yelp_api&utm_medium=api_v2_search&utm_source=W0G1IM24rTZuneG9fLL4Ng,gas-works-park-seattle-2
46,Sandbox Sports,4.5,Seattle,https://www.yelp.com/biz/sandbox-sports-seattle-2?adjust_creative=W0G1IM24rTZuneG9fLL4Ng&utm_campaign=yelp_api&utm_medium=api_v2_search&utm_source=W0G1IM24rTZuneG9fLL4Ng,sandbox-sports-seattle-2
47,Waterfall Garden,4.5,Seattle,https://www.yelp.com/biz/waterfall-garden-seattle?adjust_creative=W0G1IM24rTZuneG9fLL4Ng&utm_campaign=yelp_api&utm_medium=api_v2_search&utm_source=W0G1IM24rTZuneG9fLL4Ng,waterfall-garden-seattle
48,Ninja vs Zombies,5,Seattle,https://www.yelp.com/biz/ninja-vs-zombies-seattle?adjust_creative=W0G1IM24rTZuneG9fLL4Ng&utm_campaign=yelp_api&utm_medium=api_v2_search&utm_source=W0G1IM24rTZuneG9fLL4Ng,ninja-vs-zombies-seattle
49,Emerald City Trapeze Arts,5,Seattle,https://www.yelp.com/biz/emerald-city-trapeze-arts-seattle?adjust_creative=W0G1IM24rTZuneG9fLL4Ng&utm_campaign=yelp_api&utm_medium=api_v2_search&utm_source=W0G1IM24rTZuneG9fLL4Ng,emerald-city-trapeze-arts-seattle
50,Locurio,5,Seattle,https://www.yelp.com/biz/locurio-seattle?adjust_creative=W0G1IM24rTZuneG9fLL4Ng&utm_campaign=yelp_api&utm_medium=api_v2_search&utm_source=W0G1IM24rTZuneG9fLL4Ng,locurio-seattle
51,Let's Go Sailing,4.5,Seattle,https://www.yelp.com/biz/lets-go-sailing-seattle?adjust_creative=W0G1IM24rTZuneG9fLL4Ng&utm_campaign=yelp_api&utm_medium=api_v2_search&utm_source=W0G1IM24rTZuneG9fLL4Ng,lets-go-sailing-seattle
52,Parsons Gardens,4.5,Seattle,https://www.yelp.com/biz/parsons-gardens-seattle?adjust_creative=W0G1IM24rTZuneG9fLL4Ng&utm_campaign=yelp_api&utm_medium=api_v2_search&utm_source=W0G1IM24rTZuneG9fLL4Ng,parsons-gardens-seattle
53,Discovery Park,4.5,Seattle,https://www.yelp.com/biz/discovery-park-seattle?adjust_creative=W0G1IM24rTZuneG9fLL4Ng&utm_campaign=yelp_api&utm_medium=api_v2_search&utm_source=W0G1IM24rTZuneG9fLL4Ng,discovery-park-seattle
54,Alki Beach Park,4.5,Seattle,https://www.yelp.com/biz/alki-beach-park-seattle?adjust_creative=W0G1IM24rTZuneG9fLL4Ng&utm_campaign=yelp_api&utm_medium=api_v2_search&utm_source=W0G1IM24rTZuneG9fLL4Ng,alki-beach-park-seattle
55,Seattle Bouldering Project,4.5,Seattle,https://www.yelp.com/biz/seattle-bouldering-project-seattle?adjust_creative=W0G1IM24rTZuneG9fLL4Ng&utm_campaign=yelp_api&utm_medium=api_v2_search&utm_source=W0G1IM24rTZuneG9fLL4Ng,seattle-bouldering-project-seattle
56,Ninja Escape,4.5,Seattle,https://www.yelp.com/biz/ninja-escape-seattle?adjust_creative=W0G1IM24rTZuneG9fLL4Ng&utm_campaign=yelp_api&utm_medium=api_v2_search&utm_source=W0G1IM24rTZuneG9fLL4Ng,ninja-escape-seattle
57,Flatstick Pub,4.5,Seattle,https://www.yelp.com/biz/flatstick-pub-seattle?adjust_creative=W0G1IM24rTZuneG9fLL4Ng&utm_campaign=yelp_api&utm_medium=api_v2_search&utm_source=W0G1IM24rTZuneG9fLL4Ng,flatstick-pub-seattle
58,Howe Street Stairs,4.5,Seattle,https://www.yelp.com/biz/howe-street-stairs-seattle?adjust_creative=W0G1IM24rTZuneG9fLL4Ng&utm_campaign=yelp_api&utm_medium=api_v2_search&utm_source=W0G1IM24rTZuneG9fLL4Ng,howe-street-stairs-seattle
59,Hiram M Chittenden Locks,4.5,Seattle,https://www.yelp.com/biz/hiram-m-chittenden-locks-seattle?adjust_creative=W0G1IM24rTZuneG9fLL4Ng&utm_campaign=yelp_api&utm_medium=api_v2_search&utm_source=W0G1IM24rTZuneG9fLL4Ng,hiram-m-chittenden-locks-seattle
60,barre3,5,Seattle,https://www.yelp.com/biz/barre3-seattle-4?adjust_creative=W0G1IM24rTZuneG9fLL4Ng&utm_campaign=yelp_api&utm_medium=api_v2_search&utm_source=W0G1IM24rTZuneG9fLL4Ng,barre3-seattle-4
61,South Hills Open Space,5,San Luis Obispo,https://www.yelp.com/biz/south-hills-open-space-san-luis-obispo?adjust_creative=W0G1IM24rTZuneG9fLL4Ng&utm_campaign=yelp_api&utm_medium=api_v2_search&utm_source=W0G1IM24rTZuneG9fLL4Ng,south-hills-open-space-san-luis-obispo
62,Central Coast Kayaks,5,San Luis Obispo,https://www.yelp.com/biz/central-coast-kayaks-shell-beach?adjust_creative=W0G1IM24rTZuneG9fLL4Ng&utm_campaign=yelp_api&utm_medium=api_v2_search&utm_source=W0G1IM24rTZuneG9fLL4Ng,central-coast-kayaks-shell-beach
63,Smiling Dog Yoga,4.5,San Luis Obispo,https://www.yelp.com/biz/smiling-dog-yoga-san-luis-obispo?adjust_creative=W0G1IM24rTZuneG9fLL4Ng&utm_campaign=yelp_api&utm_medium=api_v2_search&utm_source=W0G1IM24rTZuneG9fLL4Ng,smiling-dog-yoga-san-luis-obispo
64,Sycamore Crest Trail,4,San Luis Obispo,https://www.yelp.com/biz/sycamore-crest-trail-san-luis-obispo?adjust_creative=W0G1IM24rTZuneG9fLL4Ng&utm_campaign=yelp_api&utm_medium=api_v2_search&utm_source=W0G1IM24rTZuneG9fLL4Ng,sycamore-crest-trail-san-luis-obispo
65,Depth Perception Diving Service,5,San Luis Obispo,https://www.yelp.com/biz/depth-perception-diving-service-san-luis-obispo?adjust_creative=W0G1IM24rTZuneG9fLL4Ng&utm_campaign=yelp_api&utm_medium=api_v2_search&utm_source=W0G1IM24rTZuneG9fLL4Ng,depth-perception-diving-service-san-luis-obispo
66,Gymnazo,5,San Luis Obispo,https://www.yelp.com/biz/gymnazo-san-luis-obispo-2?adjust_creative=W0G1IM24rTZuneG9fLL4Ng&utm_campaign=yelp_api&utm_medium=api_v2_search&utm_source=W0G1IM24rTZuneG9fLL4Ng,gymnazo-san-luis-obispo-2
67,Madonna Inn Trail Rides,4.5,San Luis Obispo,https://www.yelp.com/biz/madonna-inn-trail-rides-san-luis-obispo?adjust_creative=W0G1IM24rTZuneG9fLL4Ng&utm_campaign=yelp_api&utm_medium=api_v2_search&utm_source=W0G1IM24rTZuneG9fLL4Ng,madonna-inn-trail-rides-san-luis-obispo
68,SLO Ocean Currents,4.5,San Luis Obispo,https://www.yelp.com/biz/slo-ocean-currents-san-luis-obispo?adjust_creative=W0G1IM24rTZuneG9fLL4Ng&utm_campaign=yelp_api&utm_medium=api_v2_search&utm_source=W0G1IM24rTZuneG9fLL4Ng,slo-ocean-currents-san-luis-obispo
69,Avila Beach Paddlesports,5,San Luis Obispo,https://www.yelp.com/biz/avila-beach-paddlesports-avila-beach-2?adjust_creative=W0G1IM24rTZuneG9fLL4Ng&utm_campaign=yelp_api&utm_medium=api_v2_search&utm_source=W0G1IM24rTZuneG9fLL4Ng,avila-beach-paddlesports-avila-beach-2
70,Margarita Adventures,5,San Luis Obispo,https://www.yelp.com/biz/margarita-adventures-santa-margarita?adjust_creative=W0G1IM24rTZuneG9fLL4Ng&utm_campaign=yelp_api&utm_medium=api_v2_search&utm_source=W0G1IM24rTZuneG9fLL4Ng,margarita-adventures-santa-margarita
71,Gold Medal Equestrian,5,San Luis Obispo,https://www.yelp.com/biz/gold-medal-equestrian-san-luis-obispo?adjust_creative=W0G1IM24rTZuneG9fLL4Ng&utm_campaign=yelp_api&utm_medium=api_v2_search&utm_source=W0G1IM24rTZuneG9fLL4Ng,gold-medal-equestrian-san-luis-obispo
72,Bishop Peak,4.5,San Luis Obispo,https://www.yelp.com/biz/bishop-peak-san-luis-obispo?adjust_creative=W0G1IM24rTZuneG9fLL4Ng&utm_campaign=yelp_api&utm_medium=api_v2_search&utm_source=W0G1IM24rTZuneG9fLL4Ng,bishop-peak-san-luis-obispo
73,Cycletribe,5,San Luis Obispo,https://www.yelp.com/biz/cycletribe-san-luis-obispo?adjust_creative=W0G1IM24rTZuneG9fLL4Ng&utm_campaign=yelp_api&utm_medium=api_v2_search&utm_source=W0G1IM24rTZuneG9fLL4Ng,cycletribe-san-luis-obispo
74,Johnson Ranch Trail,5,San Luis Obispo,https://www.yelp.com/biz/johnson-ranch-trail-san-luis-obispo?adjust_creative=W0G1IM24rTZuneG9fLL4Ng&utm_campaign=yelp_api&utm_medium=api_v2_search&utm_source=W0G1IM24rTZuneG9fLL4Ng,johnson-ranch-trail-san-luis-obispo
75,Bob Jones Trail,4.5,San Luis Obispo,https://www.yelp.com/biz/bob-jones-trail-san-luis-obispo?adjust_creative=W0G1IM24rTZuneG9fLL4Ng&utm_campaign=yelp_api&utm_medium=api_v2_search&utm_source=W0G1IM24rTZuneG9fLL4Ng,bob-jones-trail-san-luis-obispo
76,Pirate's Cove,4,San Luis Obispo,https://www.yelp.com/biz/pirates-cove-avila-beach?adjust_creative=W0G1IM24rTZuneG9fLL4Ng&utm_campaign=yelp_api&utm_medium=api_v2_search&utm_source=W0G1IM24rTZuneG9fLL4Ng,pirates-cove-avila-beach
77,Cerro San Luis Trail,5,San Luis Obispo,https://www.yelp.com/biz/cerro-san-luis-trail-san-luis-obispo?adjust_creative=W0G1IM24rTZuneG9fLL4Ng&utm_campaign=yelp_api&utm_medium=api_v2_search&utm_source=W0G1IM24rTZuneG9fLL4Ng,cerro-san-luis-trail-san-luis-obispo
78,Central Coast Archery,5,San Luis Obispo,https://www.yelp.com/biz/central-coast-archery-san-luis-obispo?adjust_creative=W0G1IM24rTZuneG9fLL4Ng&utm_campaign=yelp_api&utm_medium=api_v2_search&utm_source=W0G1IM24rTZuneG9fLL4Ng,central-coast-archery-san-luis-obispo
79,Cal Poly Recreation Center,4.5,San Luis Obispo,https://www.yelp.com/biz/cal-poly-recreation-center-san-luis-obispo?adjust_creative=W0G1IM24rTZuneG9fLL4Ng&utm_campaign=yelp_api&utm_medium=api_v2_search&utm_source=W0G1IM24rTZuneG9fLL4Ng,cal-poly-recreation-center-san-luis-obispo
80,SLO Op Climbing,5,San Luis Obispo,https://www.yelp.com/biz/slo-op-climbing-san-luis-obispo?adjust_creative=W0G1IM24rTZuneG9fLL4Ng&utm_campaign=yelp_api&utm_medium=api_v2_search&utm_source=W0G1IM24rTZuneG9fLL4Ng,slo-op-climbing-san-luis-obispo
81,LA River Kayak Safari,4.5,Los Angeles,https://www.yelp.com/biz/la-river-kayak-safari-los-angeles-2?adjust_creative=W0G1IM24rTZuneG9fLL4Ng&utm_campaign=yelp_api&utm_medium=api_v2_search&utm_source=W0G1IM24rTZuneG9fLL4Ng,la-river-kayak-safari-los-angeles-2
82,Vista Hermosa Natural Park,4.5,Los Angeles,https://www.yelp.com/biz/vista-hermosa-natural-park-los-angeles?adjust_creative=W0G1IM24rTZuneG9fLL4Ng&utm_campaign=yelp_api&utm_medium=api_v2_search&utm_source=W0G1IM24rTZuneG9fLL4Ng,vista-hermosa-natural-park-los-angeles
83,Escape Room Games,5,Los Angeles,https://www.yelp.com/biz/escape-room-games-los-angeles?adjust_creative=W0G1IM24rTZuneG9fLL4Ng&utm_campaign=yelp_api&utm_medium=api_v2_search&utm_source=W0G1IM24rTZuneG9fLL4Ng,escape-room-games-los-angeles
84,UGP,5,Los Angeles,https://www.yelp.com/biz/ugp-los-angeles?adjust_creative=W0G1IM24rTZuneG9fLL4Ng&utm_campaign=yelp_api&utm_medium=api_v2_search&utm_source=W0G1IM24rTZuneG9fLL4Ng,ugp-los-angeles
85,LA DanceFit Studio,4.5,Los Angeles,https://www.yelp.com/biz/la-dancefit-studio-los-angeles?adjust_creative=W0G1IM24rTZuneG9fLL4Ng&utm_campaign=yelp_api&utm_medium=api_v2_search&utm_source=W0G1IM24rTZuneG9fLL4Ng,la-dancefit-studio-los-angeles
86,Room Escape Los Angeles,5,Los Angeles,https://www.yelp.com/biz/room-escape-los-angeles-los-angeles?adjust_creative=W0G1IM24rTZuneG9fLL4Ng&utm_campaign=yelp_api&utm_medium=api_v2_search&utm_source=W0G1IM24rTZuneG9fLL4Ng,room-escape-los-angeles-los-angeles
87,Kapowui,5,Los Angeles,https://www.yelp.com/biz/kapowui-venice-beach-6?adjust_creative=W0G1IM24rTZuneG9fLL4Ng&utm_campaign=yelp_api&utm_medium=api_v2_search&utm_source=W0G1IM24rTZuneG9fLL4Ng,kapowui-venice-beach-6
88,Enigma Escape Rooms,4.5,Los Angeles,https://www.yelp.com/biz/enigma-escape-rooms-los-angeles?adjust_creative=W0G1IM24rTZuneG9fLL4Ng&utm_campaign=yelp_api&utm_medium=api_v2_search&utm_source=W0G1IM24rTZuneG9fLL4Ng,enigma-escape-rooms-los-angeles
89,Real Escape Game,5,Los Angeles,https://www.yelp.com/biz/real-escape-game-los-angeles?adjust_creative=W0G1IM24rTZuneG9fLL4Ng&utm_campaign=yelp_api&utm_medium=api_v2_search&utm_source=W0G1IM24rTZuneG9fLL4Ng,real-escape-game-los-angeles
90,MagIQ Room,5,Los Angeles,https://www.yelp.com/biz/magiq-room-los-angeles?adjust_creative=W0G1IM24rTZuneG9fLL4Ng&utm_campaign=yelp_api&utm_medium=api_v2_search&utm_source=W0G1IM24rTZuneG9fLL4Ng,magiq-room-los-angeles
91,Enjoy the Mountain,5,Los Angeles,https://www.yelp.com/biz/enjoy-the-mountain-lebec?adjust_creative=W0G1IM24rTZuneG9fLL4Ng&utm_campaign=yelp_api&utm_medium=api_v2_search&utm_source=W0G1IM24rTZuneG9fLL4Ng,enjoy-the-mountain-lebec
92,LA Boulders,4.5,Los Angeles,https://www.yelp.com/biz/la-boulders-los-angeles?adjust_creative=W0G1IM24rTZuneG9fLL4Ng&utm_campaign=yelp_api&utm_medium=api_v2_search&utm_source=W0G1IM24rTZuneG9fLL4Ng,la-boulders-los-angeles
93,Stair Climb For Los Angeles,4.5,Los Angeles,https://www.yelp.com/biz/stair-climb-for-los-angeles-los-angeles?adjust_creative=W0G1IM24rTZuneG9fLL4Ng&utm_campaign=yelp_api&utm_medium=api_v2_search&utm_source=W0G1IM24rTZuneG9fLL4Ng,stair-climb-for-los-angeles-los-angeles
94,Maze Rooms,4.5,Los Angeles,https://www.yelp.com/biz/maze-rooms-los-angeles-13?adjust_creative=W0G1IM24rTZuneG9fLL4Ng&utm_campaign=yelp_api&utm_medium=api_v2_search&utm_source=W0G1IM24rTZuneG9fLL4Ng,maze-rooms-los-angeles-13
95,60out Escape Rooms,5,Los Angeles,https://www.yelp.com/biz/60out-escape-rooms-los-angeles-2?adjust_creative=W0G1IM24rTZuneG9fLL4Ng&utm_campaign=yelp_api&utm_medium=api_v2_search&utm_source=W0G1IM24rTZuneG9fLL4Ng,60out-escape-rooms-los-angeles-2
96,Peace Awareness Labyrinth & Gardens,4.5,Los Angeles,https://www.yelp.com/biz/peace-awareness-labyrinth-and-gardens-los-angeles?adjust_creative=W0G1IM24rTZuneG9fLL4Ng&utm_campaign=yelp_api&utm_medium=api_v2_search&utm_source=W0G1IM24rTZuneG9fLL4Ng,peace-awareness-labyrinth-and-gardens-los-angeles
97,SB Buggie,5,Los Angeles,https://www.yelp.com/biz/sb-buggie-santa-barbara-2?adjust_creative=W0G1IM24rTZuneG9fLL4Ng&utm_campaign=yelp_api&utm_medium=api_v2_search&utm_source=W0G1IM24rTZuneG9fLL4Ng,sb-buggie-santa-barbara-2
98,The Quest Factory,5,Los Angeles,https://www.yelp.com/biz/the-quest-factory-los-angeles-2?adjust_creative=W0G1IM24rTZuneG9fLL4Ng&utm_campaign=yelp_api&utm_medium=api_v2_search&utm_source=W0G1IM24rTZuneG9fLL4Ng,the-quest-factory-los-angeles-2
99,Amazing Santa Monica Race,5,Los Angeles,https://www.yelp.com/biz/amazing-santa-monica-race-los-angeles?adjust_creative=W0G1IM24rTZuneG9fLL4Ng&utm_campaign=yelp_api&utm_medium=api_v2_search&utm_source=W0G1IM24rTZuneG9fLL4Ng,amazing-santa-monica-race-los-angeles
100,Rancho Park Archery Range,4.5,Los Angeles,https://www.yelp.com/biz/rancho-park-archery-range-los-angeles-2?adjust_creative=W0G1IM24rTZuneG9fLL4Ng&utm_campaign=yelp_api&utm_medium=api_v2_search&utm_source=W0G1IM24rTZuneG9fLL4Ng,rancho-park-archery-range-los-angeles-2
101,Labyrinth Escape Games,5,Portland,https://www.yelp.com/biz/labyrinth-escape-games-portland?adjust_creative=W0G1IM24rTZuneG9fLL4Ng&utm_campaign=yelp_api&utm_medium=api_v2_search&utm_source=W0G1IM24rTZuneG9fLL4Ng,labyrinth-escape-games-portland
102,International Rose Test Garden,4.5,Portland,https://www.yelp.com/biz/international-rose-test-garden-portland?adjust_creative=W0G1IM24rTZuneG9fLL4Ng&utm_campaign=yelp_api&utm_medium=api_v2_search&utm_source=W0G1IM24rTZuneG9fLL4Ng,international-rose-test-garden-portland
103,Hour To Midnight - Room Escape Games,5,Portland,https://www.yelp.com/biz/hour-to-midnight-room-escape-games-portland-3?adjust_creative=W0G1IM24rTZuneG9fLL4Ng&utm_campaign=yelp_api&utm_medium=api_v2_search&utm_source=W0G1IM24rTZuneG9fLL4Ng,hour-to-midnight-room-escape-games-portland-3
104,Forest Park,5,Portland,https://www.yelp.com/biz/forest-park-portland?adjust_creative=W0G1IM24rTZuneG9fLL4Ng&utm_campaign=yelp_api&utm_medium=api_v2_search&utm_source=W0G1IM24rTZuneG9fLL4Ng,forest-park-portland
105,Escapism,5,Portland,https://www.yelp.com/biz/escapism-portland-4?adjust_creative=W0G1IM24rTZuneG9fLL4Ng&utm_campaign=yelp_api&utm_medium=api_v2_search&utm_source=W0G1IM24rTZuneG9fLL4Ng,escapism-portland-4
106,Cycle Portland Bike Tours & Rentals,4.5,Portland,https://www.yelp.com/biz/cycle-portland-bike-tours-and-rentals-portland?adjust_creative=W0G1IM24rTZuneG9fLL4Ng&utm_campaign=yelp_api&utm_medium=api_v2_search&utm_source=W0G1IM24rTZuneG9fLL4Ng,cycle-portland-bike-tours-and-rentals-portland
107,Eastbank Esplanade,4.5,Portland,https://www.yelp.com/biz/eastbank-esplanade-portland?adjust_creative=W0G1IM24rTZuneG9fLL4Ng&utm_campaign=yelp_api&utm_medium=api_v2_search&utm_source=W0G1IM24rTZuneG9fLL4Ng,eastbank-esplanade-portland
108,Grant Park,4.5,Portland,https://www.yelp.com/biz/grant-park-portland?adjust_creative=W0G1IM24rTZuneG9fLL4Ng&utm_campaign=yelp_api&utm_medium=api_v2_search&utm_source=W0G1IM24rTZuneG9fLL4Ng,grant-park-portland
109,Hoyt Arboretum,4.5,Portland,https://www.yelp.com/biz/hoyt-arboretum-portland?adjust_creative=W0G1IM24rTZuneG9fLL4Ng&utm_campaign=yelp_api&utm_medium=api_v2_search&utm_source=W0G1IM24rTZuneG9fLL4Ng,hoyt-arboretum-portland
110,Pedal Bike Tours,5,Portland,https://www.yelp.com/biz/pedal-bike-tours-portland?adjust_creative=W0G1IM24rTZuneG9fLL4Ng&utm_campaign=yelp_api&utm_medium=api_v2_search&utm_source=W0G1IM24rTZuneG9fLL4Ng,pedal-bike-tours-portland
111,Willamette Jetboat Excursions,4.5,Portland,https://www.yelp.com/biz/willamette-jetboat-excursions-portland-2?adjust_creative=W0G1IM24rTZuneG9fLL4Ng&utm_campaign=yelp_api&utm_medium=api_v2_search&utm_source=W0G1IM24rTZuneG9fLL4Ng,willamette-jetboat-excursions-portland-2
112,Portland Kayak Company,5,Portland,https://www.yelp.com/biz/portland-kayak-company-portland?adjust_creative=W0G1IM24rTZuneG9fLL4Ng&utm_campaign=yelp_api&utm_medium=api_v2_search&utm_source=W0G1IM24rTZuneG9fLL4Ng,portland-kayak-company-portland
113,Escapism: Dr. Zylchov's Laboratory,5,Portland,https://www.yelp.com/biz/escapism-dr-zylchovs-laboratory-portland?adjust_creative=W0G1IM24rTZuneG9fLL4Ng&utm_campaign=yelp_api&utm_medium=api_v2_search&utm_source=W0G1IM24rTZuneG9fLL4Ng,escapism-dr-zylchovs-laboratory-portland
114,Cathedral Park,4.5,Portland,https://www.yelp.com/biz/cathedral-park-portland?adjust_creative=W0G1IM24rTZuneG9fLL4Ng&utm_campaign=yelp_api&utm_medium=api_v2_search&utm_source=W0G1IM24rTZuneG9fLL4Ng,cathedral-park-portland
115,60 Minutes To Escape,5,Portland,https://www.yelp.com/biz/60-minutes-to-escape-portland-3?adjust_creative=W0G1IM24rTZuneG9fLL4Ng&utm_campaign=yelp_api&utm_medium=api_v2_search&utm_source=W0G1IM24rTZuneG9fLL4Ng,60-minutes-to-escape-portland-3
116,Escape Games PDX,5,Portland,https://www.yelp.com/biz/escape-games-pdx-portland-2?adjust_creative=W0G1IM24rTZuneG9fLL4Ng&utm_campaign=yelp_api&utm_medium=api_v2_search&utm_source=W0G1IM24rTZuneG9fLL4Ng,escape-games-pdx-portland-2
117,Mill Ends Park,4.5,Portland,https://www.yelp.com/biz/mill-ends-park-portland?adjust_creative=W0G1IM24rTZuneG9fLL4Ng&utm_campaign=yelp_api&utm_medium=api_v2_search&utm_source=W0G1IM24rTZuneG9fLL4Ng,mill-ends-park-portland
118,The Lumberyard,5,Portland,https://www.yelp.com/biz/the-lumberyard-portland?adjust_creative=W0G1IM24rTZuneG9fLL4Ng&utm_campaign=yelp_api&utm_medium=api_v2_search&utm_source=W0G1IM24rTZuneG9fLL4Ng,the-lumberyard-portland
119,The Circuit Bouldering Gym,4.5,Portland,https://www.yelp.com/biz/the-circuit-bouldering-gym-portland?adjust_creative=W0G1IM24rTZuneG9fLL4Ng&utm_campaign=yelp_api&utm_medium=api_v2_search&utm_source=W0G1IM24rTZuneG9fLL4Ng,the-circuit-bouldering-gym-portland
120,Mount Tabor Park,4.5,Portland,https://www.yelp.com/biz/mount-tabor-park-portland?adjust_creative=W0G1IM24rTZuneG9fLL4Ng&utm_campaign=yelp_api&utm_medium=api_v2_search&utm_source=W0G1IM24rTZuneG9fLL4Ng,mount-tabor-park-portland
121,Sprightly Escapes,5,Denver,https://www.yelp.com/biz/sprightly-escapes-the-denver-escape-room-experience-denver?adjust_creative=W0G1IM24rTZuneG9fLL4Ng&utm_campaign=yelp_api&utm_medium=api_v2_search&utm_source=W0G1IM24rTZuneG9fLL4Ng,sprightly-escapes-the-denver-escape-room-experience-denver
122,South Platte River Trail,4.5,Denver,https://www.yelp.com/biz/south-platte-river-trail-denver?adjust_creative=W0G1IM24rTZuneG9fLL4Ng&utm_campaign=yelp_api&utm_medium=api_v2_search&utm_source=W0G1IM24rTZuneG9fLL4Ng,south-platte-river-trail-denver
123,APEX Movement Denver,5,Denver,https://www.yelp.com/biz/apex-movement-denver-denver?adjust_creative=W0G1IM24rTZuneG9fLL4Ng&utm_campaign=yelp_api&utm_medium=api_v2_search&utm_source=W0G1IM24rTZuneG9fLL4Ng,apex-movement-denver-denver
124,Trout's Flyfishing,4.5,Denver,https://www.yelp.com/biz/trouts-flyfishing-denver?adjust_creative=W0G1IM24rTZuneG9fLL4Ng&utm_campaign=yelp_api&utm_medium=api_v2_search&utm_source=W0G1IM24rTZuneG9fLL4Ng,trouts-flyfishing-denver
125,Commons Park,4.5,Denver,https://www.yelp.com/biz/commons-park-denver?adjust_creative=W0G1IM24rTZuneG9fLL4Ng&utm_campaign=yelp_api&utm_medium=api_v2_search&utm_source=W0G1IM24rTZuneG9fLL4Ng,commons-park-denver
126,Rocky Mountain Arsenal National Wildlife Refuge,4,Denver,https://www.yelp.com/biz/rocky-mountain-arsenal-national-wildlife-refuge-denver?adjust_creative=W0G1IM24rTZuneG9fLL4Ng&utm_campaign=yelp_api&utm_medium=api_v2_search&utm_source=W0G1IM24rTZuneG9fLL4Ng,rocky-mountain-arsenal-national-wildlife-refuge-denver
127,Southwest Rink At Skyline Park,4.5,Denver,https://www.yelp.com/biz/southwest-rink-at-skyline-park-denver-2?adjust_creative=W0G1IM24rTZuneG9fLL4Ng&utm_campaign=yelp_api&utm_medium=api_v2_search&utm_source=W0G1IM24rTZuneG9fLL4Ng,southwest-rink-at-skyline-park-denver-2
128,Kindness Yoga Platte Street,5,Denver,https://www.yelp.com/biz/kindness-yoga-platte-street-denver-2?adjust_creative=W0G1IM24rTZuneG9fLL4Ng&utm_campaign=yelp_api&utm_medium=api_v2_search&utm_source=W0G1IM24rTZuneG9fLL4Ng,kindness-yoga-platte-street-denver-2
129,Washington Park,4.5,Denver,https://www.yelp.com/biz/washington-park-denver?adjust_creative=W0G1IM24rTZuneG9fLL4Ng&utm_campaign=yelp_api&utm_medium=api_v2_search&utm_source=W0G1IM24rTZuneG9fLL4Ng,washington-park-denver
130,Body Fat USA,5,Denver,https://www.yelp.com/biz/body-fat-usa-denver?adjust_creative=W0G1IM24rTZuneG9fLL4Ng&utm_campaign=yelp_api&utm_medium=api_v2_search&utm_source=W0G1IM24rTZuneG9fLL4Ng,body-fat-usa-denver
131,Cherry Creek Trail,4,Denver,https://www.yelp.com/biz/cherry-creek-trail-denver?adjust_creative=W0G1IM24rTZuneG9fLL4Ng&utm_campaign=yelp_api&utm_medium=api_v2_search&utm_source=W0G1IM24rTZuneG9fLL4Ng,cherry-creek-trail-denver
132,Renaissance Adventure Guides,5,Denver,https://www.yelp.com/biz/renaissance-adventure-guides-denver?adjust_creative=W0G1IM24rTZuneG9fLL4Ng&utm_campaign=yelp_api&utm_medium=api_v2_search&utm_source=W0G1IM24rTZuneG9fLL4Ng,renaissance-adventure-guides-denver
133,Southwest Rink,5,Denver,https://www.yelp.com/biz/southwest-rink-denver?adjust_creative=W0G1IM24rTZuneG9fLL4Ng&utm_campaign=yelp_api&utm_medium=api_v2_search&utm_source=W0G1IM24rTZuneG9fLL4Ng,southwest-rink-denver
134,Fierce45,5,Denver,https://www.yelp.com/biz/fierce45-denver?adjust_creative=W0G1IM24rTZuneG9fLL4Ng&utm_campaign=yelp_api&utm_medium=api_v2_search&utm_source=W0G1IM24rTZuneG9fLL4Ng,fierce45-denver
135,Zombie Room Escapes,4.5,Denver,https://www.yelp.com/biz/zombie-room-escapes-denver-2?adjust_creative=W0G1IM24rTZuneG9fLL4Ng&utm_campaign=yelp_api&utm_medium=api_v2_search&utm_source=W0G1IM24rTZuneG9fLL4Ng,zombie-room-escapes-denver-2
136,Confluence Park,4,Denver,https://www.yelp.com/biz/confluence-park-denver?adjust_creative=W0G1IM24rTZuneG9fLL4Ng&utm_campaign=yelp_api&utm_medium=api_v2_search&utm_source=W0G1IM24rTZuneG9fLL4Ng,confluence-park-denver
137,The Island,4.5,Denver,https://www.yelp.com/biz/the-island-denver?adjust_creative=W0G1IM24rTZuneG9fLL4Ng&utm_campaign=yelp_api&utm_medium=api_v2_search&utm_source=W0G1IM24rTZuneG9fLL4Ng,the-island-denver
138,Coors Field,4,Denver,https://www.yelp.com/biz/coors-field-denver?adjust_creative=W0G1IM24rTZuneG9fLL4Ng&utm_campaign=yelp_api&utm_medium=api_v2_search&utm_source=W0G1IM24rTZuneG9fLL4Ng,coors-field-denver
139,Great Room Escape,4.5,Denver,https://www.yelp.com/biz/great-room-escape-denver?adjust_creative=W0G1IM24rTZuneG9fLL4Ng&utm_campaign=yelp_api&utm_medium=api_v2_search&utm_source=W0G1IM24rTZuneG9fLL4Ng,great-room-escape-denver
197,Flumin' Kohala,5,Kona,https://www.yelp.com/biz/flumin-kohala-hawi?adjust_creative=W0G1IM24rTZuneG9fLL4Ng&utm_campaign=yelp_api&utm_medium=api_v2_search&utm_source=W0G1IM24rTZuneG9fLL4Ng,flumin-kohala-hawi
140,Confluence Kayaks,4.5,Denver,https://www.yelp.com/biz/confluence-kayaks-denver?adjust_creative=W0G1IM24rTZuneG9fLL4Ng&utm_campaign=yelp_api&utm_medium=api_v2_search&utm_source=W0G1IM24rTZuneG9fLL4Ng,confluence-kayaks-denver
141,Mission Escape Games -- Flushing Queens,5,New York,https://www.yelp.com/biz/mission-escape-games-flushing-queens-flushing?adjust_creative=W0G1IM24rTZuneG9fLL4Ng&utm_campaign=yelp_api&utm_medium=api_v2_search&utm_source=W0G1IM24rTZuneG9fLL4Ng,mission-escape-games-flushing-queens-flushing
142,Shipwrecked Miniature Golf,4.5,New York,https://www.yelp.com/biz/shipwrecked-miniature-golf-brooklyn-2?adjust_creative=W0G1IM24rTZuneG9fLL4Ng&utm_campaign=yelp_api&utm_medium=api_v2_search&utm_source=W0G1IM24rTZuneG9fLL4Ng,shipwrecked-miniature-golf-brooklyn-2
143,Brooklyn Escape Room,4.5,New York,https://www.yelp.com/biz/brooklyn-escape-room-brooklyn?adjust_creative=W0G1IM24rTZuneG9fLL4Ng&utm_campaign=yelp_api&utm_medium=api_v2_search&utm_source=W0G1IM24rTZuneG9fLL4Ng,brooklyn-escape-room-brooklyn
144,Stripxpertease,4.5,New York,https://www.yelp.com/biz/stripxpertease-new-york?adjust_creative=W0G1IM24rTZuneG9fLL4Ng&utm_campaign=yelp_api&utm_medium=api_v2_search&utm_source=W0G1IM24rTZuneG9fLL4Ng,stripxpertease-new-york
145,Gotham Archery,5,New York,https://www.yelp.com/biz/gotham-archery-brooklyn-2?adjust_creative=W0G1IM24rTZuneG9fLL4Ng&utm_campaign=yelp_api&utm_medium=api_v2_search&utm_source=W0G1IM24rTZuneG9fLL4Ng,gotham-archery-brooklyn-2
146,Escape Games NYC,5,New York,https://www.yelp.com/biz/escape-games-nyc-new-york-2?adjust_creative=W0G1IM24rTZuneG9fLL4Ng&utm_campaign=yelp_api&utm_medium=api_v2_search&utm_source=W0G1IM24rTZuneG9fLL4Ng,escape-games-nyc-new-york-2
147,Bryant Park,4.5,New York,https://www.yelp.com/biz/bryant-park-new-york-2?adjust_creative=W0G1IM24rTZuneG9fLL4Ng&utm_campaign=yelp_api&utm_medium=api_v2_search&utm_source=W0G1IM24rTZuneG9fLL4Ng,bryant-park-new-york-2
148,Museum Hack,5,New York,https://www.yelp.com/biz/museum-hack-new-york?adjust_creative=W0G1IM24rTZuneG9fLL4Ng&utm_campaign=yelp_api&utm_medium=api_v2_search&utm_source=W0G1IM24rTZuneG9fLL4Ng,museum-hack-new-york
149,Mystery Room NYC,5,New York,https://www.yelp.com/biz/mystery-room-nyc-new-york-2?adjust_creative=W0G1IM24rTZuneG9fLL4Ng&utm_campaign=yelp_api&utm_medium=api_v2_search&utm_source=W0G1IM24rTZuneG9fLL4Ng,mystery-room-nyc-new-york-2
150,Beebe's Buttcamp,5,New York,https://www.yelp.com/biz/beebes-buttcamp-new-york?adjust_creative=W0G1IM24rTZuneG9fLL4Ng&utm_campaign=yelp_api&utm_medium=api_v2_search&utm_source=W0G1IM24rTZuneG9fLL4Ng,beebes-buttcamp-new-york
151,Downtown Boathouse,5,New York,https://www.yelp.com/biz/downtown-boathouse-new-york?adjust_creative=W0G1IM24rTZuneG9fLL4Ng&utm_campaign=yelp_api&utm_medium=api_v2_search&utm_source=W0G1IM24rTZuneG9fLL4Ng,downtown-boathouse-new-york
152,6BC Botanical Garden,5,New York,https://www.yelp.com/biz/6bc-botanical-garden-new-york-2?adjust_creative=W0G1IM24rTZuneG9fLL4Ng&utm_campaign=yelp_api&utm_medium=api_v2_search&utm_source=W0G1IM24rTZuneG9fLL4Ng,6bc-botanical-garden-new-york-2
153,Komnata Quest,5,New York,https://www.yelp.com/biz/komnata-quest-long-island-city?adjust_creative=W0G1IM24rTZuneG9fLL4Ng&utm_campaign=yelp_api&utm_medium=api_v2_search&utm_source=W0G1IM24rTZuneG9fLL4Ng,komnata-quest-long-island-city
154,Rey Diving,5,New York,https://www.yelp.com/biz/rey-diving-new-york?adjust_creative=W0G1IM24rTZuneG9fLL4Ng&utm_campaign=yelp_api&utm_medium=api_v2_search&utm_source=W0G1IM24rTZuneG9fLL4Ng,rey-diving-new-york
155,I Survived The Room,5,New York,https://www.yelp.com/biz/i-survived-the-room-long-island-city-2?adjust_creative=W0G1IM24rTZuneG9fLL4Ng&utm_campaign=yelp_api&utm_medium=api_v2_search&utm_source=W0G1IM24rTZuneG9fLL4Ng,i-survived-the-room-long-island-city-2
156,Escape The Room NYC - Midtown,4.5,New York,https://www.yelp.com/biz/escape-the-room-nyc-midtown-new-york?adjust_creative=W0G1IM24rTZuneG9fLL4Ng&utm_campaign=yelp_api&utm_medium=api_v2_search&utm_source=W0G1IM24rTZuneG9fLL4Ng,escape-the-room-nyc-midtown-new-york
157,OMEscape,5,New York,https://www.yelp.com/biz/omescape-new-york-12?adjust_creative=W0G1IM24rTZuneG9fLL4Ng&utm_campaign=yelp_api&utm_medium=api_v2_search&utm_source=W0G1IM24rTZuneG9fLL4Ng,omescape-new-york-12
158,Jane's Carousel,5,New York,https://www.yelp.com/biz/janes-carousel-brooklyn?adjust_creative=W0G1IM24rTZuneG9fLL4Ng&utm_campaign=yelp_api&utm_medium=api_v2_search&utm_source=W0G1IM24rTZuneG9fLL4Ng,janes-carousel-brooklyn
159,Skate Brooklyn,5,New York,https://www.yelp.com/biz/skate-brooklyn-brooklyn?adjust_creative=W0G1IM24rTZuneG9fLL4Ng&utm_campaign=yelp_api&utm_medium=api_v2_search&utm_source=W0G1IM24rTZuneG9fLL4Ng,skate-brooklyn-brooklyn
160,Houston Muay Thai,5,Houston,https://www.yelp.com/biz/houston-muay-thai-houston?adjust_creative=W0G1IM24rTZuneG9fLL4Ng&utm_campaign=yelp_api&utm_medium=api_v2_search&utm_source=W0G1IM24rTZuneG9fLL4Ng,houston-muay-thai-houston
161,Menil Park,4.5,Houston,https://www.yelp.com/biz/menil-park-houston?adjust_creative=W0G1IM24rTZuneG9fLL4Ng&utm_campaign=yelp_api&utm_medium=api_v2_search&utm_source=W0G1IM24rTZuneG9fLL4Ng,menil-park-houston
162,Hermann Park Conservancy,4.5,Houston,https://www.yelp.com/biz/hermann-park-conservancy-houston-2?adjust_creative=W0G1IM24rTZuneG9fLL4Ng&utm_campaign=yelp_api&utm_medium=api_v2_search&utm_source=W0G1IM24rTZuneG9fLL4Ng,hermann-park-conservancy-houston-2
163,McGovern Centennial Gardens,4.5,Houston,https://www.yelp.com/biz/mcgovern-centennial-gardens-houston-2?adjust_creative=W0G1IM24rTZuneG9fLL4Ng&utm_campaign=yelp_api&utm_medium=api_v2_search&utm_source=W0G1IM24rTZuneG9fLL4Ng,mcgovern-centennial-gardens-houston-2
164,Urban Jungle Self Defense,4.5,Houston,https://www.yelp.com/biz/urban-jungle-self-defense-houston?adjust_creative=W0G1IM24rTZuneG9fLL4Ng&utm_campaign=yelp_api&utm_medium=api_v2_search&utm_source=W0G1IM24rTZuneG9fLL4Ng,urban-jungle-self-defense-houston
165,iFLY Indoor Skydiving - Houston,4.5,Houston,https://www.yelp.com/biz/ifly-indoor-skydiving-houston-houston?adjust_creative=W0G1IM24rTZuneG9fLL4Ng&utm_campaign=yelp_api&utm_medium=api_v2_search&utm_source=W0G1IM24rTZuneG9fLL4Ng,ifly-indoor-skydiving-houston-houston
166,Cullen Sculpture Garden,4.5,Houston,https://www.yelp.com/biz/cullen-sculpture-garden-houston?adjust_creative=W0G1IM24rTZuneG9fLL4Ng&utm_campaign=yelp_api&utm_medium=api_v2_search&utm_source=W0G1IM24rTZuneG9fLL4Ng,cullen-sculpture-garden-houston
167,Cipher Escape Rooms,5,Houston,https://www.yelp.com/biz/cipher-escape-rooms-houston?adjust_creative=W0G1IM24rTZuneG9fLL4Ng&utm_campaign=yelp_api&utm_medium=api_v2_search&utm_source=W0G1IM24rTZuneG9fLL4Ng,cipher-escape-rooms-houston
168,Donovan Park,4.5,Houston,https://www.yelp.com/biz/donovan-park-houston?adjust_creative=W0G1IM24rTZuneG9fLL4Ng&utm_campaign=yelp_api&utm_medium=api_v2_search&utm_source=W0G1IM24rTZuneG9fLL4Ng,donovan-park-houston
169,Room Escape Time,4.5,Houston,https://www.yelp.com/biz/room-escape-time-houston?adjust_creative=W0G1IM24rTZuneG9fLL4Ng&utm_campaign=yelp_api&utm_medium=api_v2_search&utm_source=W0G1IM24rTZuneG9fLL4Ng,room-escape-time-houston
170,Speedy's Fast Track,4.5,Houston,https://www.yelp.com/biz/speedys-fast-track-houston?adjust_creative=W0G1IM24rTZuneG9fLL4Ng&utm_campaign=yelp_api&utm_medium=api_v2_search&utm_source=W0G1IM24rTZuneG9fLL4Ng,speedys-fast-track-houston
171,Fifty Fifty Acorn Golf & Icehouse,4.5,Houston,https://www.yelp.com/biz/fifty-fifty-acorn-golf-and-icehouse-houston?adjust_creative=W0G1IM24rTZuneG9fLL4Ng&utm_campaign=yelp_api&utm_medium=api_v2_search&utm_source=W0G1IM24rTZuneG9fLL4Ng,fifty-fifty-acorn-golf-and-icehouse-houston
172,Houston Roller Derby,4.5,Houston,https://www.yelp.com/biz/houston-roller-derby-houston?adjust_creative=W0G1IM24rTZuneG9fLL4Ng&utm_campaign=yelp_api&utm_medium=api_v2_search&utm_source=W0G1IM24rTZuneG9fLL4Ng,houston-roller-derby-houston
173,Boyert Shooting Center,4.5,Houston,https://www.yelp.com/biz/boyert-shooting-center-houston?adjust_creative=W0G1IM24rTZuneG9fLL4Ng&utm_campaign=yelp_api&utm_medium=api_v2_search&utm_source=W0G1IM24rTZuneG9fLL4Ng,boyert-shooting-center-houston
174,Houston Escape Room,4.5,Houston,https://www.yelp.com/biz/houston-escape-room-houston-2?adjust_creative=W0G1IM24rTZuneG9fLL4Ng&utm_campaign=yelp_api&utm_medium=api_v2_search&utm_source=W0G1IM24rTZuneG9fLL4Ng,houston-escape-room-houston-2
175,Crazy Cat Escape Room,5,Houston,https://www.yelp.com/biz/crazy-cat-escape-room-houston?adjust_creative=W0G1IM24rTZuneG9fLL4Ng&utm_campaign=yelp_api&utm_medium=api_v2_search&utm_source=W0G1IM24rTZuneG9fLL4Ng,crazy-cat-escape-room-houston
176,Houston Panic Room,5,Houston,https://www.yelp.com/biz/houston-panic-room-houston-2?adjust_creative=W0G1IM24rTZuneG9fLL4Ng&utm_campaign=yelp_api&utm_medium=api_v2_search&utm_source=W0G1IM24rTZuneG9fLL4Ng,houston-panic-room-houston-2
177,Buffalo Bayou Park Cistern,5,Houston,https://www.yelp.com/biz/buffalo-bayou-park-cistern-houston-2?adjust_creative=W0G1IM24rTZuneG9fLL4Ng&utm_campaign=yelp_api&utm_medium=api_v2_search&utm_source=W0G1IM24rTZuneG9fLL4Ng,buffalo-bayou-park-cistern-houston-2
178,RYDE,4.5,Houston,https://www.yelp.com/biz/ryde-houston?adjust_creative=W0G1IM24rTZuneG9fLL4Ng&utm_campaign=yelp_api&utm_medium=api_v2_search&utm_source=W0G1IM24rTZuneG9fLL4Ng,ryde-houston
179,Escape The Room Texas,4.5,Houston,https://www.yelp.com/biz/escape-the-room-texas-houston?adjust_creative=W0G1IM24rTZuneG9fLL4Ng&utm_campaign=yelp_api&utm_medium=api_v2_search&utm_source=W0G1IM24rTZuneG9fLL4Ng,escape-the-room-texas-houston
180,Hawaii Island And Ocean Tours -manta Ray Snorkel,5,Kona,https://www.yelp.com/biz/hawaii-island-and-ocean-tours-manta-ray-snorkel-kailua-kona-2?adjust_creative=W0G1IM24rTZuneG9fLL4Ng&utm_campaign=yelp_api&utm_medium=api_v2_search&utm_source=W0G1IM24rTZuneG9fLL4Ng,hawaii-island-and-ocean-tours-manta-ray-snorkel-kailua-kona-2
181,A Ala Hawaii Oceanfront Massage & Spa,4.5,Kona,https://www.yelp.com/biz/a-ala-hawaii-oceanfront-massage-and-spa-kailua-kona?adjust_creative=W0G1IM24rTZuneG9fLL4Ng&utm_campaign=yelp_api&utm_medium=api_v2_search&utm_source=W0G1IM24rTZuneG9fLL4Ng,a-ala-hawaii-oceanfront-massage-and-spa-kailua-kona
182,UFO Parasail,4.5,Kona,https://www.yelp.com/biz/ufo-parasail-kailua-kona?adjust_creative=W0G1IM24rTZuneG9fLL4Ng&utm_campaign=yelp_api&utm_medium=api_v2_search&utm_source=W0G1IM24rTZuneG9fLL4Ng,ufo-parasail-kailua-kona
183,Kohala Zipline,5,Kona,https://www.yelp.com/biz/kohala-zipline-hawi?adjust_creative=W0G1IM24rTZuneG9fLL4Ng&utm_campaign=yelp_api&utm_medium=api_v2_search&utm_source=W0G1IM24rTZuneG9fLL4Ng,kohala-zipline-hawi
184,Harold H Higashihara Park,5,Kona,https://www.yelp.com/biz/harold-h-higashihara-park-hawaii?adjust_creative=W0G1IM24rTZuneG9fLL4Ng&utm_campaign=yelp_api&utm_medium=api_v2_search&utm_source=W0G1IM24rTZuneG9fLL4Ng,harold-h-higashihara-park-hawaii
185,Dahana Ranch,5,Kona,https://www.yelp.com/biz/dahana-ranch-kamuela-2?adjust_creative=W0G1IM24rTZuneG9fLL4Ng&utm_campaign=yelp_api&utm_medium=api_v2_search&utm_source=W0G1IM24rTZuneG9fLL4Ng,dahana-ranch-kamuela-2
186,Kua Bay Beach Park,4.5,Kona,https://www.yelp.com/biz/kua-bay-beach-park-kailua-kona?adjust_creative=W0G1IM24rTZuneG9fLL4Ng&utm_campaign=yelp_api&utm_medium=api_v2_search&utm_source=W0G1IM24rTZuneG9fLL4Ng,kua-bay-beach-park-kailua-kona
187,Ride the Rim,4.5,Kona,https://www.yelp.com/biz/ride-the-rim-honokaa?adjust_creative=W0G1IM24rTZuneG9fLL4Ng&utm_campaign=yelp_api&utm_medium=api_v2_search&utm_source=W0G1IM24rTZuneG9fLL4Ng,ride-the-rim-honokaa
188,Two Step,4.5,Kona,https://www.yelp.com/biz/two-step-captain-cook?adjust_creative=W0G1IM24rTZuneG9fLL4Ng&utm_campaign=yelp_api&utm_medium=api_v2_search&utm_source=W0G1IM24rTZuneG9fLL4Ng,two-step-captain-cook
189,Kauna'oa Beach - Mauna Kea Beach,5,Kona,https://www.yelp.com/biz/kaunaoa-beach-mauna-kea-beach-kamuela?adjust_creative=W0G1IM24rTZuneG9fLL4Ng&utm_campaign=yelp_api&utm_medium=api_v2_search&utm_source=W0G1IM24rTZuneG9fLL4Ng,kaunaoa-beach-mauna-kea-beach-kamuela
190,Sea Quest,5,Kona,https://www.yelp.com/biz/sea-quest-kailua-kona?adjust_creative=W0G1IM24rTZuneG9fLL4Ng&utm_campaign=yelp_api&utm_medium=api_v2_search&utm_source=W0G1IM24rTZuneG9fLL4Ng,sea-quest-kailua-kona
191,Waipi'o Valley,4.5,Kona,https://www.yelp.com/biz/waipio-valley-kamuela?adjust_creative=W0G1IM24rTZuneG9fLL4Ng&utm_campaign=yelp_api&utm_medium=api_v2_search&utm_source=W0G1IM24rTZuneG9fLL4Ng,waipio-valley-kamuela
192,Kuki'o Beach,5,Kona,https://www.yelp.com/biz/kukio-beach-hawaii?adjust_creative=W0G1IM24rTZuneG9fLL4Ng&utm_campaign=yelp_api&utm_medium=api_v2_search&utm_source=W0G1IM24rTZuneG9fLL4Ng,kukio-beach-hawaii
193,Hawai'i Volcanoes National Park,4.5,Kona,https://www.yelp.com/biz/hawaii-volcanoes-national-park-hawaii-national-park?adjust_creative=W0G1IM24rTZuneG9fLL4Ng&utm_campaign=yelp_api&utm_medium=api_v2_search&utm_source=W0G1IM24rTZuneG9fLL4Ng,hawaii-volcanoes-national-park-hawaii-national-park
194,Waipio Valley Lookout,4.5,Kona,https://www.yelp.com/biz/waipio-valley-lookout-honokaa?adjust_creative=W0G1IM24rTZuneG9fLL4Ng&utm_campaign=yelp_api&utm_medium=api_v2_search&utm_source=W0G1IM24rTZuneG9fLL4Ng,waipio-valley-lookout-honokaa
195,Kealakekua Bay,4.5,Kona,https://www.yelp.com/biz/kealakekua-bay-kealakekua?adjust_creative=W0G1IM24rTZuneG9fLL4Ng&utm_campaign=yelp_api&utm_medium=api_v2_search&utm_source=W0G1IM24rTZuneG9fLL4Ng,kealakekua-bay-kealakekua
196,Dolphin Discoveries,5,Kona,https://www.yelp.com/biz/dolphin-discoveries-kailua-kona?adjust_creative=W0G1IM24rTZuneG9fLL4Ng&utm_campaign=yelp_api&utm_medium=api_v2_search&utm_source=W0G1IM24rTZuneG9fLL4Ng,dolphin-discoveries-kailua-kona
198,ATV Outfitters Hawaii,4.5,Kona,https://www.yelp.com/biz/atv-outfitters-hawaii-halaula-2?adjust_creative=W0G1IM24rTZuneG9fLL4Ng&utm_campaign=yelp_api&utm_medium=api_v2_search&utm_source=W0G1IM24rTZuneG9fLL4Ng,atv-outfitters-hawaii-halaula-2
199,Hawaii Surf and Kayak,5,Kona,https://www.yelp.com/biz/hawaii-surf-and-kayak-puako-3?adjust_creative=W0G1IM24rTZuneG9fLL4Ng&utm_campaign=yelp_api&utm_medium=api_v2_search&utm_source=W0G1IM24rTZuneG9fLL4Ng,hawaii-surf-and-kayak-puako-3
200,Hawaiian Style Rentals & Sales,5,Honolulu,https://www.yelp.com/biz/hawaiian-style-rentals-and-sales-honolulu-2?adjust_creative=W0G1IM24rTZuneG9fLL4Ng&utm_campaign=yelp_api&utm_medium=api_v2_search&utm_source=W0G1IM24rTZuneG9fLL4Ng,hawaiian-style-rentals-and-sales-honolulu-2
201,Tiki's Family Fun Center,4.5,Honolulu,https://www.yelp.com/biz/tikis-family-fun-center-honolulu?adjust_creative=W0G1IM24rTZuneG9fLL4Ng&utm_campaign=yelp_api&utm_medium=api_v2_search&utm_source=W0G1IM24rTZuneG9fLL4Ng,tikis-family-fun-center-honolulu
202,Moanalua Middle Ridge,5,Honolulu,https://www.yelp.com/biz/moanalua-middle-ridge-honolulu?adjust_creative=W0G1IM24rTZuneG9fLL4Ng&utm_campaign=yelp_api&utm_medium=api_v2_search&utm_source=W0G1IM24rTZuneG9fLL4Ng,moanalua-middle-ridge-honolulu
203,Spitting Caves,4.5,Honolulu,https://www.yelp.com/biz/spitting-caves-honolulu?adjust_creative=W0G1IM24rTZuneG9fLL4Ng&utm_campaign=yelp_api&utm_medium=api_v2_search&utm_source=W0G1IM24rTZuneG9fLL4Ng,spitting-caves-honolulu
204,Breakout Waikiki,5,Honolulu,https://www.yelp.com/biz/breakout-waikiki-honolulu?adjust_creative=W0G1IM24rTZuneG9fLL4Ng&utm_campaign=yelp_api&utm_medium=api_v2_search&utm_source=W0G1IM24rTZuneG9fLL4Ng,breakout-waikiki-honolulu
205,Room With A Clue,4.5,Honolulu,https://www.yelp.com/biz/room-with-a-clue-honolulu?adjust_creative=W0G1IM24rTZuneG9fLL4Ng&utm_campaign=yelp_api&utm_medium=api_v2_search&utm_source=W0G1IM24rTZuneG9fLL4Ng,room-with-a-clue-honolulu
206,Diamond Head State Monument,4.5,Honolulu,https://www.yelp.com/biz/diamond-head-state-monument-honolulu?adjust_creative=W0G1IM24rTZuneG9fLL4Ng&utm_campaign=yelp_api&utm_medium=api_v2_search&utm_source=W0G1IM24rTZuneG9fLL4Ng,diamond-head-state-monument-honolulu
207,Oahu Diving,5,Honolulu,https://www.yelp.com/biz/oahu-diving-honolulu?adjust_creative=W0G1IM24rTZuneG9fLL4Ng&utm_campaign=yelp_api&utm_medium=api_v2_search&utm_source=W0G1IM24rTZuneG9fLL4Ng,oahu-diving-honolulu
208,Paradise Watersports Hawaii,5,Honolulu,https://www.yelp.com/biz/paradise-watersports-hawaii-honolulu?adjust_creative=W0G1IM24rTZuneG9fLL4Ng&utm_campaign=yelp_api&utm_medium=api_v2_search&utm_source=W0G1IM24rTZuneG9fLL4Ng,paradise-watersports-hawaii-honolulu
209,Hawaii Glass Bottom Boat Tours,5,Honolulu,https://www.yelp.com/biz/hawaii-glass-bottom-boat-tours-honolulu?adjust_creative=W0G1IM24rTZuneG9fLL4Ng&utm_campaign=yelp_api&utm_medium=api_v2_search&utm_source=W0G1IM24rTZuneG9fLL4Ng,hawaii-glass-bottom-boat-tours-honolulu
210,Pure Aloha Adventures,5,Honolulu,https://www.yelp.com/biz/pure-aloha-adventures-honolulu?adjust_creative=W0G1IM24rTZuneG9fLL4Ng&utm_campaign=yelp_api&utm_medium=api_v2_search&utm_source=W0G1IM24rTZuneG9fLL4Ng,pure-aloha-adventures-honolulu
211,Yoga Floats,5,Honolulu,https://www.yelp.com/biz/yoga-floats-honolulu?adjust_creative=W0G1IM24rTZuneG9fLL4Ng&utm_campaign=yelp_api&utm_medium=api_v2_search&utm_source=W0G1IM24rTZuneG9fLL4Ng,yoga-floats-honolulu
212,Nocturnal Adventures Hawaii,5,Honolulu,https://www.yelp.com/biz/nocturnal-adventures-hawaii-honolulu?adjust_creative=W0G1IM24rTZuneG9fLL4Ng&utm_campaign=yelp_api&utm_medium=api_v2_search&utm_source=W0G1IM24rTZuneG9fLL4Ng,nocturnal-adventures-hawaii-honolulu
213,Magic Island,4.5,Honolulu,https://www.yelp.com/biz/magic-island-honolulu?adjust_creative=W0G1IM24rTZuneG9fLL4Ng&utm_campaign=yelp_api&utm_medium=api_v2_search&utm_source=W0G1IM24rTZuneG9fLL4Ng,magic-island-honolulu
214,The Hang Out,5,Honolulu,https://www.yelp.com/biz/the-hang-out-honolulu?adjust_creative=W0G1IM24rTZuneG9fLL4Ng&utm_campaign=yelp_api&utm_medium=api_v2_search&utm_source=W0G1IM24rTZuneG9fLL4Ng,the-hang-out-honolulu
215,Belly Dance Technique & Choreography,5,Honolulu,https://www.yelp.com/biz/belly-dance-technique-and-choreography-honolulu?adjust_creative=W0G1IM24rTZuneG9fLL4Ng&utm_campaign=yelp_api&utm_medium=api_v2_search&utm_source=W0G1IM24rTZuneG9fLL4Ng,belly-dance-technique-and-choreography-honolulu
216,The Bar Method,5,Honolulu,https://www.yelp.com/biz/the-bar-method-honolulu?adjust_creative=W0G1IM24rTZuneG9fLL4Ng&utm_campaign=yelp_api&utm_medium=api_v2_search&utm_source=W0G1IM24rTZuneG9fLL4Ng,the-bar-method-honolulu
217,Everything Archery,5,Honolulu,https://www.yelp.com/biz/everything-archery-honolulu?adjust_creative=W0G1IM24rTZuneG9fLL4Ng&utm_campaign=yelp_api&utm_medium=api_v2_search&utm_source=W0G1IM24rTZuneG9fLL4Ng,everything-archery-honolulu
218,Kapiolani Park,4.5,Honolulu,https://www.yelp.com/biz/kapiolani-park-honolulu?adjust_creative=W0G1IM24rTZuneG9fLL4Ng&utm_campaign=yelp_api&utm_medium=api_v2_search&utm_source=W0G1IM24rTZuneG9fLL4Ng,kapiolani-park-honolulu
219,UNLOCKED Escape Room,5,Honolulu,https://www.yelp.com/biz/unlocked-escape-room-honolulu?adjust_creative=W0G1IM24rTZuneG9fLL4Ng&utm_campaign=yelp_api&utm_medium=api_v2_search&utm_source=W0G1IM24rTZuneG9fLL4Ng,unlocked-escape-room-honolulu
220,The Regent's Park,4.5,London,https://www.yelp.com/biz/the-regents-park-london-2?adjust_creative=W0G1IM24rTZuneG9fLL4Ng&utm_campaign=yelp_api&utm_medium=api_v2_search&utm_source=W0G1IM24rTZuneG9fLL4Ng,the-regents-park-london-2
221,Good Vibes Covent Garden,5,London,https://www.yelp.com/biz/good-vibes-covent-garden-london-2?adjust_creative=W0G1IM24rTZuneG9fLL4Ng&utm_campaign=yelp_api&utm_medium=api_v2_search&utm_source=W0G1IM24rTZuneG9fLL4Ng,good-vibes-covent-garden-london-2
222,Hint Hunt,5,London,https://www.yelp.com/biz/hint-hunt-london?adjust_creative=W0G1IM24rTZuneG9fLL4Ng&utm_campaign=yelp_api&utm_medium=api_v2_search&utm_source=W0G1IM24rTZuneG9fLL4Ng,hint-hunt-london
223,Hampstead Heath,4.5,London,https://www.yelp.com/biz/hampstead-heath-london?adjust_creative=W0G1IM24rTZuneG9fLL4Ng&utm_campaign=yelp_api&utm_medium=api_v2_search&utm_source=W0G1IM24rTZuneG9fLL4Ng,hampstead-heath-london
224,Fat Tire Bike Tours,5,London,https://www.yelp.com/biz/fat-tire-bike-tours-london?adjust_creative=W0G1IM24rTZuneG9fLL4Ng&utm_campaign=yelp_api&utm_medium=api_v2_search&utm_source=W0G1IM24rTZuneG9fLL4Ng,fat-tire-bike-tours-london
225,Yogahaven,5,London,https://www.yelp.com/biz/yogahaven-london-2?adjust_creative=W0G1IM24rTZuneG9fLL4Ng&utm_campaign=yelp_api&utm_medium=api_v2_search&utm_source=W0G1IM24rTZuneG9fLL4Ng,yogahaven-london-2
226,Kyoto Garden in Holland Park,4.5,London,https://www.yelp.com/biz/kyoto-garden-in-holland-park-london?adjust_creative=W0G1IM24rTZuneG9fLL4Ng&utm_campaign=yelp_api&utm_medium=api_v2_search&utm_source=W0G1IM24rTZuneG9fLL4Ng,kyoto-garden-in-holland-park-london
227,Kensington Gardens,4.5,London,https://www.yelp.com/biz/kensington-gardens-london?adjust_creative=W0G1IM24rTZuneG9fLL4Ng&utm_campaign=yelp_api&utm_medium=api_v2_search&utm_source=W0G1IM24rTZuneG9fLL4Ng,kensington-gardens-london
228,Waterlow Park,4.5,London,https://www.yelp.com/biz/waterlow-park-london?adjust_creative=W0G1IM24rTZuneG9fLL4Ng&utm_campaign=yelp_api&utm_medium=api_v2_search&utm_source=W0G1IM24rTZuneG9fLL4Ng,waterlow-park-london
229,Horniman Museum and Gardens,4.5,London,https://www.yelp.com/biz/horniman-museum-and-gardens-london-3?adjust_creative=W0G1IM24rTZuneG9fLL4Ng&utm_campaign=yelp_api&utm_medium=api_v2_search&utm_source=W0G1IM24rTZuneG9fLL4Ng,horniman-museum-and-gardens-london-3
230,Abney Park Cemetery Trust,4.5,London,https://www.yelp.com/biz/abney-park-cemetery-trust-london?adjust_creative=W0G1IM24rTZuneG9fLL4Ng&utm_campaign=yelp_api&utm_medium=api_v2_search&utm_source=W0G1IM24rTZuneG9fLL4Ng,abney-park-cemetery-trust-london
231,Hyde Park,4.5,London,https://www.yelp.com/biz/hyde-park-london-2?adjust_creative=W0G1IM24rTZuneG9fLL4Ng&utm_campaign=yelp_api&utm_medium=api_v2_search&utm_source=W0G1IM24rTZuneG9fLL4Ng,hyde-park-london-2
232,The Castle Climbing Centre,4.5,London,https://www.yelp.com/biz/the-castle-climbing-centre-london?adjust_creative=W0G1IM24rTZuneG9fLL4Ng&utm_campaign=yelp_api&utm_medium=api_v2_search&utm_source=W0G1IM24rTZuneG9fLL4Ng,the-castle-climbing-centre-london
233,St James's Park,4.5,London,https://www.yelp.com/biz/st-jamess-park-london?adjust_creative=W0G1IM24rTZuneG9fLL4Ng&utm_campaign=yelp_api&utm_medium=api_v2_search&utm_source=W0G1IM24rTZuneG9fLL4Ng,st-jamess-park-london
234,Granary Square,4.5,London,https://www.yelp.com/biz/granary-square-london?adjust_creative=W0G1IM24rTZuneG9fLL4Ng&utm_campaign=yelp_api&utm_medium=api_v2_search&utm_source=W0G1IM24rTZuneG9fLL4Ng,granary-square-london
235,Golders Hill Park,4.5,London,https://www.yelp.com/biz/golders-hill-park-london?adjust_creative=W0G1IM24rTZuneG9fLL4Ng&utm_campaign=yelp_api&utm_medium=api_v2_search&utm_source=W0G1IM24rTZuneG9fLL4Ng,golders-hill-park-london
236,Diana Memorial Playground,4.5,London,https://www.yelp.com/biz/diana-memorial-playground-london?adjust_creative=W0G1IM24rTZuneG9fLL4Ng&utm_campaign=yelp_api&utm_medium=api_v2_search&utm_source=W0G1IM24rTZuneG9fLL4Ng,diana-memorial-playground-london
237,The Arch Climbing Wall,4.5,London,https://www.yelp.com/biz/the-arch-climbing-wall-london-3?adjust_creative=W0G1IM24rTZuneG9fLL4Ng&utm_campaign=yelp_api&utm_medium=api_v2_search&utm_source=W0G1IM24rTZuneG9fLL4Ng,the-arch-climbing-wall-london-3
238,London Fields Lido,4.5,London,https://www.yelp.com/biz/london-fields-lido-london?adjust_creative=W0G1IM24rTZuneG9fLL4Ng&utm_campaign=yelp_api&utm_medium=api_v2_search&utm_source=W0G1IM24rTZuneG9fLL4Ng,london-fields-lido-london
239,Thames Rockets,4.5,London,https://www.yelp.com/biz/thames-rockets-london?adjust_creative=W0G1IM24rTZuneG9fLL4Ng&utm_campaign=yelp_api&utm_medium=api_v2_search&utm_source=W0G1IM24rTZuneG9fLL4Ng,thames-rockets-london
241,Katy Trail,4.5,Dallas,https://www.yelp.com/biz/katy-trail-dallas?adjust_creative=W0G1IM24rTZuneG9fLL4Ng&utm_campaign=yelp_api&utm_medium=api_v2_search&utm_source=W0G1IM24rTZuneG9fLL4Ng,katy-trail-dallas
242,White Rock Lake,4.5,Dallas,https://www.yelp.com/biz/white-rock-lake-dallas?adjust_creative=W0G1IM24rTZuneG9fLL4Ng&utm_campaign=yelp_api&utm_medium=api_v2_search&utm_source=W0G1IM24rTZuneG9fLL4Ng,white-rock-lake-dallas
243,Sgt. H2O's Combat Swim,5,Dallas,https://www.yelp.com/biz/sgt-h2os-combat-swim-dallas?adjust_creative=W0G1IM24rTZuneG9fLL4Ng&utm_campaign=yelp_api&utm_medium=api_v2_search&utm_source=W0G1IM24rTZuneG9fLL4Ng,sgt-h2os-combat-swim-dallas
244,DFW Gun Range and Training Center,4,Dallas,https://www.yelp.com/biz/dfw-gun-range-and-training-center-dallas-2?adjust_creative=W0G1IM24rTZuneG9fLL4Ng&utm_campaign=yelp_api&utm_medium=api_v2_search&utm_source=W0G1IM24rTZuneG9fLL4Ng,dfw-gun-range-and-training-center-dallas-2
245,Fraternal Order of Eagles,4.5,Dallas,https://www.yelp.com/biz/fraternal-order-of-eagles-dallas?adjust_creative=W0G1IM24rTZuneG9fLL4Ng&utm_campaign=yelp_api&utm_medium=api_v2_search&utm_source=W0G1IM24rTZuneG9fLL4Ng,fraternal-order-of-eagles-dallas
246,Trinity Forest Adventure Park,4.5,Dallas,https://www.yelp.com/biz/trinity-forest-adventure-park-dallas?adjust_creative=W0G1IM24rTZuneG9fLL4Ng&utm_campaign=yelp_api&utm_medium=api_v2_search&utm_source=W0G1IM24rTZuneG9fLL4Ng,trinity-forest-adventure-park-dallas
247,ZYN22,4.5,Dallas,https://www.yelp.com/biz/zyn22-dallas-2?adjust_creative=W0G1IM24rTZuneG9fLL4Ng&utm_campaign=yelp_api&utm_medium=api_v2_search&utm_source=W0G1IM24rTZuneG9fLL4Ng,zyn22-dallas-2
248,Klyde Warren Park,4.5,Dallas,https://www.yelp.com/biz/klyde-warren-park-dallas?adjust_creative=W0G1IM24rTZuneG9fLL4Ng&utm_campaign=yelp_api&utm_medium=api_v2_search&utm_source=W0G1IM24rTZuneG9fLL4Ng,klyde-warren-park-dallas
249,City Surf Fitness,4.5,Dallas,https://www.yelp.com/biz/city-surf-fitness-dallas?adjust_creative=W0G1IM24rTZuneG9fLL4Ng&utm_campaign=yelp_api&utm_medium=api_v2_search&utm_source=W0G1IM24rTZuneG9fLL4Ng,city-surf-fitness-dallas
250,The Ride House,5,Dallas,https://www.yelp.com/biz/the-ride-house-dallas?adjust_creative=W0G1IM24rTZuneG9fLL4Ng&utm_campaign=yelp_api&utm_medium=api_v2_search&utm_source=W0G1IM24rTZuneG9fLL4Ng,the-ride-house-dallas
251,The Barre Code Dallas - Highland Park,4.5,Dallas,https://www.yelp.com/biz/the-barre-code-dallas-highland-park-dallas?adjust_creative=W0G1IM24rTZuneG9fLL4Ng&utm_campaign=yelp_api&utm_medium=api_v2_search&utm_source=W0G1IM24rTZuneG9fLL4Ng,the-barre-code-dallas-highland-park-dallas
252,Ronald Kirk Bridge,4.5,Dallas,https://www.yelp.com/biz/ronald-kirk-bridge-dallas?adjust_creative=W0G1IM24rTZuneG9fLL4Ng&utm_campaign=yelp_api&utm_medium=api_v2_search&utm_source=W0G1IM24rTZuneG9fLL4Ng,ronald-kirk-bridge-dallas
253,Elm Fork Shooting Sports,4,Dallas,https://www.yelp.com/biz/elm-fork-shooting-sports-dallas?adjust_creative=W0G1IM24rTZuneG9fLL4Ng&utm_campaign=yelp_api&utm_medium=api_v2_search&utm_source=W0G1IM24rTZuneG9fLL4Ng,elm-fork-shooting-sports-dallas
254,Escape This,5,Dallas,https://www.yelp.com/biz/escape-this-dallas?adjust_creative=W0G1IM24rTZuneG9fLL4Ng&utm_campaign=yelp_api&utm_medium=api_v2_search&utm_source=W0G1IM24rTZuneG9fLL4Ng,escape-this-dallas
255,Oak Cliff Bicycle Company,4.5,Dallas,https://www.yelp.com/biz/oak-cliff-bicycle-company-dallas?adjust_creative=W0G1IM24rTZuneG9fLL4Ng&utm_campaign=yelp_api&utm_medium=api_v2_search&utm_source=W0G1IM24rTZuneG9fLL4Ng,oak-cliff-bicycle-company-dallas
256,SMU Barr Outdoor Pool,5,Dallas,https://www.yelp.com/biz/smu-barr-outdoor-pool-dallas?adjust_creative=W0G1IM24rTZuneG9fLL4Ng&utm_campaign=yelp_api&utm_medium=api_v2_search&utm_source=W0G1IM24rTZuneG9fLL4Ng,smu-barr-outdoor-pool-dallas
257,Dragon Park,4.5,Dallas,https://www.yelp.com/biz/dragon-park-dallas?adjust_creative=W0G1IM24rTZuneG9fLL4Ng&utm_campaign=yelp_api&utm_medium=api_v2_search&utm_source=W0G1IM24rTZuneG9fLL4Ng,dragon-park-dallas
258,Finesse Bodywork,5,Dallas,https://www.yelp.com/biz/finesse-bodywork-dallas?adjust_creative=W0G1IM24rTZuneG9fLL4Ng&utm_campaign=yelp_api&utm_medium=api_v2_search&utm_source=W0G1IM24rTZuneG9fLL4Ng,finesse-bodywork-dallas
259,White Rock Paddle Company,4,Dallas,https://www.yelp.com/biz/white-rock-paddle-company-dallas?adjust_creative=W0G1IM24rTZuneG9fLL4Ng&utm_campaign=yelp_api&utm_medium=api_v2_search&utm_source=W0G1IM24rTZuneG9fLL4Ng,white-rock-paddle-company-dallas
260,Lakeside Park,4.5,Dallas,https://www.yelp.com/biz/lakeside-park-dallas?adjust_creative=W0G1IM24rTZuneG9fLL4Ng&utm_campaign=yelp_api&utm_medium=api_v2_search&utm_source=W0G1IM24rTZuneG9fLL4Ng,lakeside-park-dallas
262,Big Easy Bike Tours,5,New Orleans,https://www.yelp.com/biz/big-easy-bike-tours-new-orleans-2?adjust_creative=W0G1IM24rTZuneG9fLL4Ng&utm_campaign=yelp_api&utm_medium=api_v2_search&utm_source=W0G1IM24rTZuneG9fLL4Ng,big-easy-bike-tours-new-orleans-2
263,NOLA Paddleboards,5,New Orleans,https://www.yelp.com/biz/nola-paddleboards-new-orleans-2?adjust_creative=W0G1IM24rTZuneG9fLL4Ng&utm_campaign=yelp_api&utm_medium=api_v2_search&utm_source=W0G1IM24rTZuneG9fLL4Ng,nola-paddleboards-new-orleans-2
264,The Sweat Social,5,New Orleans,https://www.yelp.com/biz/the-sweat-social-new-orleans?adjust_creative=W0G1IM24rTZuneG9fLL4Ng&utm_campaign=yelp_api&utm_medium=api_v2_search&utm_source=W0G1IM24rTZuneG9fLL4Ng,the-sweat-social-new-orleans
265,Wild Louisiana Tours,5,New Orleans,https://www.yelp.com/biz/wild-louisiana-tours-new-orleans?adjust_creative=W0G1IM24rTZuneG9fLL4Ng&utm_campaign=yelp_api&utm_medium=api_v2_search&utm_source=W0G1IM24rTZuneG9fLL4Ng,wild-louisiana-tours-new-orleans
266,Free Wheelin' Bike Tours,5,New Orleans,https://www.yelp.com/biz/free-wheelin-bike-tours-new-orleans?adjust_creative=W0G1IM24rTZuneG9fLL4Ng&utm_campaign=yelp_api&utm_medium=api_v2_search&utm_source=W0G1IM24rTZuneG9fLL4Ng,free-wheelin-bike-tours-new-orleans
267,Audubon Zoo,4.5,New Orleans,https://www.yelp.com/biz/audubon-zoo-new-orleans?adjust_creative=W0G1IM24rTZuneG9fLL4Ng&utm_campaign=yelp_api&utm_medium=api_v2_search&utm_source=W0G1IM24rTZuneG9fLL4Ng,audubon-zoo-new-orleans
268,Confederacy of Cruisers Bike Tours,5,New Orleans,https://www.yelp.com/biz/confederacy-of-cruisers-bike-tours-new-orleans-2?adjust_creative=W0G1IM24rTZuneG9fLL4Ng&utm_campaign=yelp_api&utm_medium=api_v2_search&utm_source=W0G1IM24rTZuneG9fLL4Ng,confederacy-of-cruisers-bike-tours-new-orleans-2
269,City Park,4.5,New Orleans,https://www.yelp.com/biz/city-park-new-orleans-2?adjust_creative=W0G1IM24rTZuneG9fLL4Ng&utm_campaign=yelp_api&utm_medium=api_v2_search&utm_source=W0G1IM24rTZuneG9fLL4Ng,city-park-new-orleans-2
270,Barretiste,5,New Orleans,https://www.yelp.com/biz/barretiste-new-orleans?adjust_creative=W0G1IM24rTZuneG9fLL4Ng&utm_campaign=yelp_api&utm_medium=api_v2_search&utm_source=W0G1IM24rTZuneG9fLL4Ng,barretiste-new-orleans
271,The Sydney and Walda Besthoff Sculpture Garden,5,New Orleans,https://www.yelp.com/biz/the-sydney-and-walda-besthoff-sculpture-garden-new-orleans?adjust_creative=W0G1IM24rTZuneG9fLL4Ng&utm_campaign=yelp_api&utm_medium=api_v2_search&utm_source=W0G1IM24rTZuneG9fLL4Ng,the-sydney-and-walda-besthoff-sculpture-garden-new-orleans
272,Escape My Room,5,New Orleans,https://www.yelp.com/biz/escape-my-room-new-orleans?adjust_creative=W0G1IM24rTZuneG9fLL4Ng&utm_campaign=yelp_api&utm_medium=api_v2_search&utm_source=W0G1IM24rTZuneG9fLL4Ng,escape-my-room-new-orleans
273,Kayak-iti-yat,5,New Orleans,https://www.yelp.com/biz/kayak-iti-yat-new-orleans?adjust_creative=W0G1IM24rTZuneG9fLL4Ng&utm_campaign=yelp_api&utm_medium=api_v2_search&utm_source=W0G1IM24rTZuneG9fLL4Ng,kayak-iti-yat-new-orleans
274,Jackson Square,4.5,New Orleans,https://www.yelp.com/biz/jackson-square-new-orleans?adjust_creative=W0G1IM24rTZuneG9fLL4Ng&utm_campaign=yelp_api&utm_medium=api_v2_search&utm_source=W0G1IM24rTZuneG9fLL4Ng,jackson-square-new-orleans
275,Audubon Park,4.5,New Orleans,https://www.yelp.com/biz/audubon-park-new-orleans?adjust_creative=W0G1IM24rTZuneG9fLL4Ng&utm_campaign=yelp_api&utm_medium=api_v2_search&utm_source=W0G1IM24rTZuneG9fLL4Ng,audubon-park-new-orleans
276,New Orleans Kayak Swamp Tours,5,New Orleans,https://www.yelp.com/biz/new-orleans-kayak-swamp-tours-new-orleans-2?adjust_creative=W0G1IM24rTZuneG9fLL4Ng&utm_campaign=yelp_api&utm_medium=api_v2_search&utm_source=W0G1IM24rTZuneG9fLL4Ng,new-orleans-kayak-swamp-tours-new-orleans-2
277,Buzz Nola Bike Tours and Rentals,5,New Orleans,https://www.yelp.com/biz/buzz-nola-bike-tours-and-rentals-new-orleans?adjust_creative=W0G1IM24rTZuneG9fLL4Ng&utm_campaign=yelp_api&utm_medium=api_v2_search&utm_source=W0G1IM24rTZuneG9fLL4Ng,buzz-nola-bike-tours-and-rentals-new-orleans
278,Triumph Krav Maga,5,New Orleans,https://www.yelp.com/biz/triumph-krav-maga-new-orleans?adjust_creative=W0G1IM24rTZuneG9fLL4Ng&utm_campaign=yelp_api&utm_medium=api_v2_search&utm_source=W0G1IM24rTZuneG9fLL4Ng,triumph-krav-maga-new-orleans
279,Canoe and Trail Adventures,5,New Orleans,https://www.yelp.com/biz/canoe-and-trail-adventures-new-orleans-2?adjust_creative=W0G1IM24rTZuneG9fLL4Ng&utm_campaign=yelp_api&utm_medium=api_v2_search&utm_source=W0G1IM24rTZuneG9fLL4Ng,canoe-and-trail-adventures-new-orleans-2
280,NOLA Gondola,5,New Orleans,https://www.yelp.com/biz/nola-gondola-new-orleans?adjust_creative=W0G1IM24rTZuneG9fLL4Ng&utm_campaign=yelp_api&utm_medium=api_v2_search&utm_source=W0G1IM24rTZuneG9fLL4Ng,nola-gondola-new-orleans
281,Bayou Paddlesports,5,New Orleans,https://www.yelp.com/biz/bayou-paddlesports-new-orleans?adjust_creative=W0G1IM24rTZuneG9fLL4Ng&utm_campaign=yelp_api&utm_medium=api_v2_search&utm_source=W0G1IM24rTZuneG9fLL4Ng,bayou-paddlesports-new-orleans
