1,The Poke Craft,5,San Diego,https://www.yelp.com/biz/the-poke-craft-san-diego-14?adjust_creative=W0G1IM24rTZuneG9fLL4Ng&utm_campaign=yelp_api&utm_medium=api_v2_search&utm_source=W0G1IM24rTZuneG9fLL4Ng,the-poke-craft-san-diego-14
2,Banzai Bar,4.5,San Diego,https://www.yelp.com/biz/banzai-bar-san-diego?adjust_creative=W0G1IM24rTZuneG9fLL4Ng&utm_campaign=yelp_api&utm_medium=api_v2_search&utm_source=W0G1IM24rTZuneG9fLL4Ng,banzai-bar-san-diego
3,Donburi Kitchen,4.5,San Diego,https://www.yelp.com/biz/donburi-kitchen-san-diego?adjust_creative=W0G1IM24rTZuneG9fLL4Ng&utm_campaign=yelp_api&utm_medium=api_v2_search&utm_source=W0G1IM24rTZuneG9fLL4Ng,donburi-kitchen-san-diego
4,Wow Wow Waffle,4.5,San Diego,https://www.yelp.com/biz/wow-wow-waffle-san-diego-2?adjust_creative=W0G1IM24rTZuneG9fLL4Ng&utm_campaign=yelp_api&utm_medium=api_v2_search&utm_source=W0G1IM24rTZuneG9fLL4Ng,wow-wow-waffle-san-diego-2
5,Oscar's Mexican Seafood,4.5,San Diego,https://www.yelp.com/biz/oscars-mexican-seafood-san-diego-3?adjust_creative=W0G1IM24rTZuneG9fLL4Ng&utm_campaign=yelp_api&utm_medium=api_v2_search&utm_source=W0G1IM24rTZuneG9fLL4Ng,oscars-mexican-seafood-san-diego-3
6,Cafe Stems,5,San Diego,https://www.yelp.com/biz/cafe-stems-san-diego-2?adjust_creative=W0G1IM24rTZuneG9fLL4Ng&utm_campaign=yelp_api&utm_medium=api_v2_search&utm_source=W0G1IM24rTZuneG9fLL4Ng,cafe-stems-san-diego-2
7,Poke Chop,4.5,San Diego,https://www.yelp.com/biz/poke-chop-san-diego-3?adjust_creative=W0G1IM24rTZuneG9fLL4Ng&utm_campaign=yelp_api&utm_medium=api_v2_search&utm_source=W0G1IM24rTZuneG9fLL4Ng,poke-chop-san-diego-3
8,Bahn Thai,4.5,San Diego,https://www.yelp.com/biz/bahn-thai-san-diego?adjust_creative=W0G1IM24rTZuneG9fLL4Ng&utm_campaign=yelp_api&utm_medium=api_v2_search&utm_source=W0G1IM24rTZuneG9fLL4Ng,bahn-thai-san-diego
9,Chicago Fire Grill,4.5,San Diego,https://www.yelp.com/biz/chicago-fire-grill-san-diego-2?adjust_creative=W0G1IM24rTZuneG9fLL4Ng&utm_campaign=yelp_api&utm_medium=api_v2_search&utm_source=W0G1IM24rTZuneG9fLL4Ng,chicago-fire-grill-san-diego-2
10,Dog Haus Biergarten,4.5,San Diego,https://www.yelp.com/biz/dog-haus-biergarten-san-diego?adjust_creative=W0G1IM24rTZuneG9fLL4Ng&utm_campaign=yelp_api&utm_medium=api_v2_search&utm_source=W0G1IM24rTZuneG9fLL4Ng,dog-haus-biergarten-san-diego
11,Serrano's Street Tacos & Bar,4.5,San Diego,https://www.yelp.com/biz/serranos-street-tacos-and-bar-san-diego?adjust_creative=W0G1IM24rTZuneG9fLL4Ng&utm_campaign=yelp_api&utm_medium=api_v2_search&utm_source=W0G1IM24rTZuneG9fLL4Ng,serranos-street-tacos-and-bar-san-diego
12,Beach Hut Deli,4.5,San Diego,https://www.yelp.com/biz/beach-hut-deli-san-diego?adjust_creative=W0G1IM24rTZuneG9fLL4Ng&utm_campaign=yelp_api&utm_medium=api_v2_search&utm_source=W0G1IM24rTZuneG9fLL4Ng,beach-hut-deli-san-diego
13,Chicken Rebel,4.5,San Diego,https://www.yelp.com/biz/chicken-rebel-san-diego-2?adjust_creative=W0G1IM24rTZuneG9fLL4Ng&utm_campaign=yelp_api&utm_medium=api_v2_search&utm_source=W0G1IM24rTZuneG9fLL4Ng,chicken-rebel-san-diego-2
14,Poki One N Half,4.5,San Diego,https://www.yelp.com/biz/poki-one-n-half-san-diego?adjust_creative=W0G1IM24rTZuneG9fLL4Ng&utm_campaign=yelp_api&utm_medium=api_v2_search&utm_source=W0G1IM24rTZuneG9fLL4Ng,poki-one-n-half-san-diego
15,It's Raw Poke Shop,5,San Diego,https://www.yelp.com/biz/its-raw-poke-shop-san-diego?adjust_creative=W0G1IM24rTZuneG9fLL4Ng&utm_campaign=yelp_api&utm_medium=api_v2_search&utm_source=W0G1IM24rTZuneG9fLL4Ng,its-raw-poke-shop-san-diego
16,Sicilia Bella,5,San Diego,https://www.yelp.com/biz/sicilia-bella-san-diego?adjust_creative=W0G1IM24rTZuneG9fLL4Ng&utm_campaign=yelp_api&utm_medium=api_v2_search&utm_source=W0G1IM24rTZuneG9fLL4Ng,sicilia-bella-san-diego
17,Pesto Italian Craft Kitchen,4.5,San Diego,https://www.yelp.com/biz/pesto-italian-craft-kitchen-san-diego?adjust_creative=W0G1IM24rTZuneG9fLL4Ng&utm_campaign=yelp_api&utm_medium=api_v2_search&utm_source=W0G1IM24rTZuneG9fLL4Ng,pesto-italian-craft-kitchen-san-diego
18,Royal Grill Cuisine,5,San Diego,https://www.yelp.com/biz/royal-grill-cuisine-san-diego?adjust_creative=W0G1IM24rTZuneG9fLL4Ng&utm_campaign=yelp_api&utm_medium=api_v2_search&utm_source=W0G1IM24rTZuneG9fLL4Ng,royal-grill-cuisine-san-diego
19,Embargo Grill,4.5,San Diego,https://www.yelp.com/biz/embargo-grill-san-diego?adjust_creative=W0G1IM24rTZuneG9fLL4Ng&utm_campaign=yelp_api&utm_medium=api_v2_search&utm_source=W0G1IM24rTZuneG9fLL4Ng,embargo-grill-san-diego
20,Jaffa Cafe,4.5,San Luis Obispo,https://www.yelp.com/biz/jaffa-cafe-san-luis-obispo?adjust_creative=W0G1IM24rTZuneG9fLL4Ng&utm_campaign=yelp_api&utm_medium=api_v2_search&utm_source=W0G1IM24rTZuneG9fLL4Ng,jaffa-cafe-san-luis-obispo
21,Cool Cat Cafe,4,San Luis Obispo,https://www.yelp.com/biz/cool-cat-cafe-san-luis-obispo-3?adjust_creative=W0G1IM24rTZuneG9fLL4Ng&utm_campaign=yelp_api&utm_medium=api_v2_search&utm_source=W0G1IM24rTZuneG9fLL4Ng,cool-cat-cafe-san-luis-obispo-3
22,Las Delicias,4.5,San Luis Obispo,https://www.yelp.com/biz/las-delicias-san-luis-obispo-2?adjust_creative=W0G1IM24rTZuneG9fLL4Ng&utm_campaign=yelp_api&utm_medium=api_v2_search&utm_source=W0G1IM24rTZuneG9fLL4Ng,las-delicias-san-luis-obispo-2
23,Blaze Fast Fire'd Pizza,4,San Luis Obispo,https://www.yelp.com/biz/blaze-fast-fired-pizza-san-luis-obispo?adjust_creative=W0G1IM24rTZuneG9fLL4Ng&utm_campaign=yelp_api&utm_medium=api_v2_search&utm_source=W0G1IM24rTZuneG9fLL4Ng,blaze-fast-fired-pizza-san-luis-obispo
24,Urbane Cafe,4.5,San Luis Obispo,https://www.yelp.com/biz/urbane-cafe-san-luis-obispo?adjust_creative=W0G1IM24rTZuneG9fLL4Ng&utm_campaign=yelp_api&utm_medium=api_v2_search&utm_source=W0G1IM24rTZuneG9fLL4Ng,urbane-cafe-san-luis-obispo
25,TASTE,4.5,San Luis Obispo,https://www.yelp.com/biz/taste-san-luis-obispo-2?adjust_creative=W0G1IM24rTZuneG9fLL4Ng&utm_campaign=yelp_api&utm_medium=api_v2_search&utm_source=W0G1IM24rTZuneG9fLL4Ng,taste-san-luis-obispo-2
26,Old San Luis BBQ Co,4.5,San Luis Obispo,https://www.yelp.com/biz/old-san-luis-bbq-co-san-luis-obispo-2?adjust_creative=W0G1IM24rTZuneG9fLL4Ng&utm_campaign=yelp_api&utm_medium=api_v2_search&utm_source=W0G1IM24rTZuneG9fLL4Ng,old-san-luis-bbq-co-san-luis-obispo-2
27,Pizza La Nova New York Style,4.5,San Luis Obispo,https://www.yelp.com/biz/pizza-la-nova-new-york-style-san-luis-obispo?adjust_creative=W0G1IM24rTZuneG9fLL4Ng&utm_campaign=yelp_api&utm_medium=api_v2_search&utm_source=W0G1IM24rTZuneG9fLL4Ng,pizza-la-nova-new-york-style-san-luis-obispo
28,Avila Valley Barn,4.5,San Luis Obispo,https://www.yelp.com/biz/avila-valley-barn-san-luis-obispo?adjust_creative=W0G1IM24rTZuneG9fLL4Ng&utm_campaign=yelp_api&utm_medium=api_v2_search&utm_source=W0G1IM24rTZuneG9fLL4Ng,avila-valley-barn-san-luis-obispo
29,Gino's Pizza,4.5,San Luis Obispo,https://www.yelp.com/biz/ginos-pizza-san-luis-obispo-2?adjust_creative=W0G1IM24rTZuneG9fLL4Ng&utm_campaign=yelp_api&utm_medium=api_v2_search&utm_source=W0G1IM24rTZuneG9fLL4Ng,ginos-pizza-san-luis-obispo-2
30,Petra,4.5,San Luis Obispo,https://www.yelp.com/biz/petra-san-luis-obispo?adjust_creative=W0G1IM24rTZuneG9fLL4Ng&utm_campaign=yelp_api&utm_medium=api_v2_search&utm_source=W0G1IM24rTZuneG9fLL4Ng,petra-san-luis-obispo
31,SLO Provisions,4.5,San Luis Obispo,https://www.yelp.com/biz/slo-provisions-san-luis-obispo?adjust_creative=W0G1IM24rTZuneG9fLL4Ng&utm_campaign=yelp_api&utm_medium=api_v2_search&utm_source=W0G1IM24rTZuneG9fLL4Ng,slo-provisions-san-luis-obispo
32,Firestone Grill,4,San Luis Obispo,https://www.yelp.com/biz/firestone-grill-san-luis-obispo?adjust_creative=W0G1IM24rTZuneG9fLL4Ng&utm_campaign=yelp_api&utm_medium=api_v2_search&utm_source=W0G1IM24rTZuneG9fLL4Ng,firestone-grill-san-luis-obispo
33,Blast 825 Taproom,4,San Luis Obispo,https://www.yelp.com/biz/blast-825-taproom-san-luis-obispo-3?adjust_creative=W0G1IM24rTZuneG9fLL4Ng&utm_campaign=yelp_api&utm_medium=api_v2_search&utm_source=W0G1IM24rTZuneG9fLL4Ng,blast-825-taproom-san-luis-obispo-3
34,Goshi Japanese Restaurant,4.5,San Luis Obispo,https://www.yelp.com/biz/goshi-japanese-restaurant-san-luis-obispo?adjust_creative=W0G1IM24rTZuneG9fLL4Ng&utm_campaign=yelp_api&utm_medium=api_v2_search&utm_source=W0G1IM24rTZuneG9fLL4Ng,goshi-japanese-restaurant-san-luis-obispo
35,Mr. Pickle's Sandwich Shop,4.5,San Luis Obispo,https://www.yelp.com/biz/mr-pickles-sandwich-shop-san-luis-obispo-san-luis-obispo?adjust_creative=W0G1IM24rTZuneG9fLL4Ng&utm_campaign=yelp_api&utm_medium=api_v2_search&utm_source=W0G1IM24rTZuneG9fLL4Ng,mr-pickles-sandwich-shop-san-luis-obispo-san-luis-obispo
36,Ubatuba Acai,4.5,San Luis Obispo,https://www.yelp.com/biz/ubatuba-acai-san-luis-obispo?adjust_creative=W0G1IM24rTZuneG9fLL4Ng&utm_campaign=yelp_api&utm_medium=api_v2_search&utm_source=W0G1IM24rTZuneG9fLL4Ng,ubatuba-acai-san-luis-obispo
37,Poke Chef,4.5,San Luis Obispo,https://www.yelp.com/biz/poke-chef-san-luis-obispo-3?adjust_creative=W0G1IM24rTZuneG9fLL4Ng&utm_campaign=yelp_api&utm_medium=api_v2_search&utm_source=W0G1IM24rTZuneG9fLL4Ng,poke-chef-san-luis-obispo-3
38,Thai Boat,4.5,San Luis Obispo,https://www.yelp.com/biz/thai-boat-san-luis-obispo?adjust_creative=W0G1IM24rTZuneG9fLL4Ng&utm_campaign=yelp_api&utm_medium=api_v2_search&utm_source=W0G1IM24rTZuneG9fLL4Ng,thai-boat-san-luis-obispo
39,High Street Market & Deli,4.5,San Luis Obispo,https://www.yelp.com/biz/high-street-market-and-deli-san-luis-obispo?adjust_creative=W0G1IM24rTZuneG9fLL4Ng&utm_campaign=yelp_api&utm_medium=api_v2_search&utm_source=W0G1IM24rTZuneG9fLL4Ng,high-street-market-and-deli-san-luis-obispo
40,Edison,4.5,Houston,https://www.yelp.com/biz/edison-houston?adjust_creative=W0G1IM24rTZuneG9fLL4Ng&utm_campaign=yelp_api&utm_medium=api_v2_search&utm_source=W0G1IM24rTZuneG9fLL4Ng,edison-houston
41,Yoyo's Hot Dog,5,Houston,https://www.yelp.com/biz/yoyos-hot-dog-houston-14?adjust_creative=W0G1IM24rTZuneG9fLL4Ng&utm_campaign=yelp_api&utm_medium=api_v2_search&utm_source=W0G1IM24rTZuneG9fLL4Ng,yoyos-hot-dog-houston-14
42,Hot Toppings Pizza,5,Houston,https://www.yelp.com/biz/hot-toppings-pizza-houston?adjust_creative=W0G1IM24rTZuneG9fLL4Ng&utm_campaign=yelp_api&utm_medium=api_v2_search&utm_source=W0G1IM24rTZuneG9fLL4Ng,hot-toppings-pizza-houston
43,Kuma Burgers,4.5,Houston,https://www.yelp.com/biz/kuma-burgers-houston?adjust_creative=W0G1IM24rTZuneG9fLL4Ng&utm_campaign=yelp_api&utm_medium=api_v2_search&utm_source=W0G1IM24rTZuneG9fLL4Ng,kuma-burgers-houston
44,Peli Peli Kitchen,4.5,Houston,https://www.yelp.com/biz/peli-peli-kitchen-houston?adjust_creative=W0G1IM24rTZuneG9fLL4Ng&utm_campaign=yelp_api&utm_medium=api_v2_search&utm_source=W0G1IM24rTZuneG9fLL4Ng,peli-peli-kitchen-houston
45,YoYo's Hot Dog,4.5,Houston,https://www.yelp.com/biz/yoyos-hot-dog-houston-10?adjust_creative=W0G1IM24rTZuneG9fLL4Ng&utm_campaign=yelp_api&utm_medium=api_v2_search&utm_source=W0G1IM24rTZuneG9fLL4Ng,yoyos-hot-dog-houston-10
46,Kitchen 713,4.5,Houston,https://www.yelp.com/biz/kitchen-713-houston-3?adjust_creative=W0G1IM24rTZuneG9fLL4Ng&utm_campaign=yelp_api&utm_medium=api_v2_search&utm_source=W0G1IM24rTZuneG9fLL4Ng,kitchen-713-houston-3
47,Local Foods,4.5,Houston,https://www.yelp.com/biz/local-foods-houston?adjust_creative=W0G1IM24rTZuneG9fLL4Ng&utm_campaign=yelp_api&utm_medium=api_v2_search&utm_source=W0G1IM24rTZuneG9fLL4Ng,local-foods-houston
48,Texas Shrimp Shack,4.5,Houston,https://www.yelp.com/biz/texas-shrimp-shack-houston?adjust_creative=W0G1IM24rTZuneG9fLL4Ng&utm_campaign=yelp_api&utm_medium=api_v2_search&utm_source=W0G1IM24rTZuneG9fLL4Ng,texas-shrimp-shack-houston
49,Thai Gourmet,4.5,Houston,https://www.yelp.com/biz/thai-gourmet-houston?adjust_creative=W0G1IM24rTZuneG9fLL4Ng&utm_campaign=yelp_api&utm_medium=api_v2_search&utm_source=W0G1IM24rTZuneG9fLL4Ng,thai-gourmet-houston
50,Pepper Twins,4.5,Houston,https://www.yelp.com/biz/pepper-twins-houston?adjust_creative=W0G1IM24rTZuneG9fLL4Ng&utm_campaign=yelp_api&utm_medium=api_v2_search&utm_source=W0G1IM24rTZuneG9fLL4Ng,pepper-twins-houston
51,Unos P'nches Tacos,5,Houston,https://www.yelp.com/biz/unos-pnches-tacos-houston?adjust_creative=W0G1IM24rTZuneG9fLL4Ng&utm_campaign=yelp_api&utm_medium=api_v2_search&utm_source=W0G1IM24rTZuneG9fLL4Ng,unos-pnches-tacos-houston
52,Las Tortas Perronas,5,Houston,https://www.yelp.com/biz/las-tortas-perronas-houston-8?adjust_creative=W0G1IM24rTZuneG9fLL4Ng&utm_campaign=yelp_api&utm_medium=api_v2_search&utm_source=W0G1IM24rTZuneG9fLL4Ng,las-tortas-perronas-houston-8
53,Rachels Cafe,5,Houston,https://www.yelp.com/biz/rachels-cafe-houston?adjust_creative=W0G1IM24rTZuneG9fLL4Ng&utm_campaign=yelp_api&utm_medium=api_v2_search&utm_source=W0G1IM24rTZuneG9fLL4Ng,rachels-cafe-houston
54,Gumbo Jeaux's,4.5,Houston,https://www.yelp.com/biz/gumbo-jeauxs-houston-2?adjust_creative=W0G1IM24rTZuneG9fLL4Ng&utm_campaign=yelp_api&utm_medium=api_v2_search&utm_source=W0G1IM24rTZuneG9fLL4Ng,gumbo-jeauxs-houston-2
55,Gyro King,4.5,Houston,https://www.yelp.com/biz/gyro-king-houston?adjust_creative=W0G1IM24rTZuneG9fLL4Ng&utm_campaign=yelp_api&utm_medium=api_v2_search&utm_source=W0G1IM24rTZuneG9fLL4Ng,gyro-king-houston
56,Che Inka,4.5,Houston,https://www.yelp.com/biz/che-inka-houston?adjust_creative=W0G1IM24rTZuneG9fLL4Ng&utm_campaign=yelp_api&utm_medium=api_v2_search&utm_source=W0G1IM24rTZuneG9fLL4Ng,che-inka-houston
57,Zen Japanese Izakaya,4.5,Houston,https://www.yelp.com/biz/zen-japanese-izakaya-houston?adjust_creative=W0G1IM24rTZuneG9fLL4Ng&utm_campaign=yelp_api&utm_medium=api_v2_search&utm_source=W0G1IM24rTZuneG9fLL4Ng,zen-japanese-izakaya-houston
58,Luna Pizzeria,4.5,Houston,https://www.yelp.com/biz/luna-pizzeria-houston-2?adjust_creative=W0G1IM24rTZuneG9fLL4Ng&utm_campaign=yelp_api&utm_medium=api_v2_search&utm_source=W0G1IM24rTZuneG9fLL4Ng,luna-pizzeria-houston-2
59,Braddah Bowls,5,Portland,https://www.yelp.com/biz/braddah-bowls-portland-2?adjust_creative=W0G1IM24rTZuneG9fLL4Ng&utm_campaign=yelp_api&utm_medium=api_v2_search&utm_source=W0G1IM24rTZuneG9fLL4Ng,braddah-bowls-portland-2
60,Gamila,5,Portland,https://www.yelp.com/biz/gamila-portland?adjust_creative=W0G1IM24rTZuneG9fLL4Ng&utm_campaign=yelp_api&utm_medium=api_v2_search&utm_source=W0G1IM24rTZuneG9fLL4Ng,gamila-portland
61,Bibi2go,4.5,Portland,https://www.yelp.com/biz/bibi2go-portland?adjust_creative=W0G1IM24rTZuneG9fLL4Ng&utm_campaign=yelp_api&utm_medium=api_v2_search&utm_source=W0G1IM24rTZuneG9fLL4Ng,bibi2go-portland
62,The Waffle Window,4.5,Portland,https://www.yelp.com/biz/the-waffle-window-portland?adjust_creative=W0G1IM24rTZuneG9fLL4Ng&utm_campaign=yelp_api&utm_medium=api_v2_search&utm_source=W0G1IM24rTZuneG9fLL4Ng,the-waffle-window-portland
63,Tehuana Oaxacan Cuisine,5,Portland,https://www.yelp.com/biz/tehuana-oaxacan-cuisine-portland?adjust_creative=W0G1IM24rTZuneG9fLL4Ng&utm_campaign=yelp_api&utm_medium=api_v2_search&utm_source=W0G1IM24rTZuneG9fLL4Ng,tehuana-oaxacan-cuisine-portland
64,The House Of Banh Mi,5,Portland,https://www.yelp.com/biz/the-house-of-banh-mi-portland-2?adjust_creative=W0G1IM24rTZuneG9fLL4Ng&utm_campaign=yelp_api&utm_medium=api_v2_search&utm_source=W0G1IM24rTZuneG9fLL4Ng,the-house-of-banh-mi-portland-2
65,Willow,5,Portland,https://www.yelp.com/biz/willow-portland?adjust_creative=W0G1IM24rTZuneG9fLL4Ng&utm_campaign=yelp_api&utm_medium=api_v2_search&utm_source=W0G1IM24rTZuneG9fLL4Ng,willow-portland
66,Lechon,4.5,Portland,https://www.yelp.com/biz/lechon-portland?adjust_creative=W0G1IM24rTZuneG9fLL4Ng&utm_campaign=yelp_api&utm_medium=api_v2_search&utm_source=W0G1IM24rTZuneG9fLL4Ng,lechon-portland
67,Gumba,5,Portland,https://www.yelp.com/biz/gumba-portland?adjust_creative=W0G1IM24rTZuneG9fLL4Ng&utm_campaign=yelp_api&utm_medium=api_v2_search&utm_source=W0G1IM24rTZuneG9fLL4Ng,gumba-portland
68,Kingsland Kitchen,5,Portland,https://www.yelp.com/biz/kingsland-kitchen-portland?adjust_creative=W0G1IM24rTZuneG9fLL4Ng&utm_campaign=yelp_api&utm_medium=api_v2_search&utm_source=W0G1IM24rTZuneG9fLL4Ng,kingsland-kitchen-portland
69,Sa Bai Thai Cuisine,5,Portland,https://www.yelp.com/biz/sa-bai-thai-cuisine-portland?adjust_creative=W0G1IM24rTZuneG9fLL4Ng&utm_campaign=yelp_api&utm_medium=api_v2_search&utm_source=W0G1IM24rTZuneG9fLL4Ng,sa-bai-thai-cuisine-portland
70,Native Bowl,4.5,Portland,https://www.yelp.com/biz/native-bowl-portland?adjust_creative=W0G1IM24rTZuneG9fLL4Ng&utm_campaign=yelp_api&utm_medium=api_v2_search&utm_source=W0G1IM24rTZuneG9fLL4Ng,native-bowl-portland
71,Shut Up and Eat,4.5,Portland,https://www.yelp.com/biz/shut-up-and-eat-portland?adjust_creative=W0G1IM24rTZuneG9fLL4Ng&utm_campaign=yelp_api&utm_medium=api_v2_search&utm_source=W0G1IM24rTZuneG9fLL4Ng,shut-up-and-eat-portland
72,Conin Mexican Cuisine,4.5,Portland,https://www.yelp.com/biz/conin-mexican-cuisine-portland-2?adjust_creative=W0G1IM24rTZuneG9fLL4Ng&utm_campaign=yelp_api&utm_medium=api_v2_search&utm_source=W0G1IM24rTZuneG9fLL4Ng,conin-mexican-cuisine-portland-2
73,Gastro Mania,5,Portland,https://www.yelp.com/biz/gastro-mania-portland-4?adjust_creative=W0G1IM24rTZuneG9fLL4Ng&utm_campaign=yelp_api&utm_medium=api_v2_search&utm_source=W0G1IM24rTZuneG9fLL4Ng,gastro-mania-portland-4
74,PDX Sliders,5,Portland,https://www.yelp.com/biz/pdx-sliders-portland?adjust_creative=W0G1IM24rTZuneG9fLL4Ng&utm_campaign=yelp_api&utm_medium=api_v2_search&utm_source=W0G1IM24rTZuneG9fLL4Ng,pdx-sliders-portland
75,Tasty n Sons,4.5,Portland,https://www.yelp.com/biz/tasty-n-sons-portland?adjust_creative=W0G1IM24rTZuneG9fLL4Ng&utm_campaign=yelp_api&utm_medium=api_v2_search&utm_source=W0G1IM24rTZuneG9fLL4Ng,tasty-n-sons-portland
76,Hey Stella's Cocina,5,Portland,https://www.yelp.com/biz/hey-stellas-cocina-portland?adjust_creative=W0G1IM24rTZuneG9fLL4Ng&utm_campaign=yelp_api&utm_medium=api_v2_search&utm_source=W0G1IM24rTZuneG9fLL4Ng,hey-stellas-cocina-portland
77,Mama Chow's Kitchen,5,Portland,https://www.yelp.com/biz/mama-chows-kitchen-portland?adjust_creative=W0G1IM24rTZuneG9fLL4Ng&utm_campaign=yelp_api&utm_medium=api_v2_search&utm_source=W0G1IM24rTZuneG9fLL4Ng,mama-chows-kitchen-portland
78,The Waiting Room,4.5,Portland,https://www.yelp.com/biz/the-waiting-room-portland-2?adjust_creative=W0G1IM24rTZuneG9fLL4Ng&utm_campaign=yelp_api&utm_medium=api_v2_search&utm_source=W0G1IM24rTZuneG9fLL4Ng,the-waiting-room-portland-2
79,Thursday Kitchen,4.5,New York,https://www.yelp.com/biz/thursday-kitchen-new-york?adjust_creative=W0G1IM24rTZuneG9fLL4Ng&utm_campaign=yelp_api&utm_medium=api_v2_search&utm_source=W0G1IM24rTZuneG9fLL4Ng,thursday-kitchen-new-york
80,Ramen Shack,4.5,New York,https://www.yelp.com/biz/ramen-shack-long-island-city-3?adjust_creative=W0G1IM24rTZuneG9fLL4Ng&utm_campaign=yelp_api&utm_medium=api_v2_search&utm_source=W0G1IM24rTZuneG9fLL4Ng,ramen-shack-long-island-city-3
81,Very Fresh Noodles,4,New York,https://www.yelp.com/biz/very-fresh-noodles-new-york?adjust_creative=W0G1IM24rTZuneG9fLL4Ng&utm_campaign=yelp_api&utm_medium=api_v2_search&utm_source=W0G1IM24rTZuneG9fLL4Ng,very-fresh-noodles-new-york
82,The Wild Son,4.5,New York,https://www.yelp.com/biz/the-wild-son-new-york?adjust_creative=W0G1IM24rTZuneG9fLL4Ng&utm_campaign=yelp_api&utm_medium=api_v2_search&utm_source=W0G1IM24rTZuneG9fLL4Ng,the-wild-son-new-york
83,Simple,4.5,New York,https://www.yelp.com/biz/simple-new-york-3?adjust_creative=W0G1IM24rTZuneG9fLL4Ng&utm_campaign=yelp_api&utm_medium=api_v2_search&utm_source=W0G1IM24rTZuneG9fLL4Ng,simple-new-york-3
84,Santa Panza,5,New York,https://www.yelp.com/biz/santa-panza-brooklyn?adjust_creative=W0G1IM24rTZuneG9fLL4Ng&utm_campaign=yelp_api&utm_medium=api_v2_search&utm_source=W0G1IM24rTZuneG9fLL4Ng,santa-panza-brooklyn
85,Juliana's Pizza,4.5,New York,https://www.yelp.com/biz/julianas-pizza-brooklyn-5?adjust_creative=W0G1IM24rTZuneG9fLL4Ng&utm_campaign=yelp_api&utm_medium=api_v2_search&utm_source=W0G1IM24rTZuneG9fLL4Ng,julianas-pizza-brooklyn-5
86,L'industrie Pizzeria,5,New York,https://www.yelp.com/biz/l-industrie-pizzeria-brooklyn?adjust_creative=W0G1IM24rTZuneG9fLL4Ng&utm_campaign=yelp_api&utm_medium=api_v2_search&utm_source=W0G1IM24rTZuneG9fLL4Ng,l-industrie-pizzeria-brooklyn
87,Kichin,5,New York,https://www.yelp.com/biz/kichin-brooklyn?adjust_creative=W0G1IM24rTZuneG9fLL4Ng&utm_campaign=yelp_api&utm_medium=api_v2_search&utm_source=W0G1IM24rTZuneG9fLL4Ng,kichin-brooklyn
88,Los Mariscos,5,New York,https://www.yelp.com/biz/los-mariscos-new-york?adjust_creative=W0G1IM24rTZuneG9fLL4Ng&utm_campaign=yelp_api&utm_medium=api_v2_search&utm_source=W0G1IM24rTZuneG9fLL4Ng,los-mariscos-new-york
89,Taco Mahal,5,New York,https://www.yelp.com/biz/taco-mahal-new-york?adjust_creative=W0G1IM24rTZuneG9fLL4Ng&utm_campaign=yelp_api&utm_medium=api_v2_search&utm_source=W0G1IM24rTZuneG9fLL4Ng,taco-mahal-new-york
90,Thai Villa,4.5,New York,https://www.yelp.com/biz/thai-villa-new-york-2?adjust_creative=W0G1IM24rTZuneG9fLL4Ng&utm_campaign=yelp_api&utm_medium=api_v2_search&utm_source=W0G1IM24rTZuneG9fLL4Ng,thai-villa-new-york-2
91,Cheeky Sandwiches,4.5,New York,https://www.yelp.com/biz/cheeky-sandwiches-new-york?adjust_creative=W0G1IM24rTZuneG9fLL4Ng&utm_campaign=yelp_api&utm_medium=api_v2_search&utm_source=W0G1IM24rTZuneG9fLL4Ng,cheeky-sandwiches-new-york
92,La Barrita,5,New York,https://www.yelp.com/biz/la-barrita-brooklyn-2?adjust_creative=W0G1IM24rTZuneG9fLL4Ng&utm_campaign=yelp_api&utm_medium=api_v2_search&utm_source=W0G1IM24rTZuneG9fLL4Ng,la-barrita-brooklyn-2
93,2nd City,4.5,New York,https://www.yelp.com/biz/2nd-city-new-york?adjust_creative=W0G1IM24rTZuneG9fLL4Ng&utm_campaign=yelp_api&utm_medium=api_v2_search&utm_source=W0G1IM24rTZuneG9fLL4Ng,2nd-city-new-york
94,Wah Fung No 1,4.5,New York,https://www.yelp.com/biz/wah-fung-no-1-new-york?adjust_creative=W0G1IM24rTZuneG9fLL4Ng&utm_campaign=yelp_api&utm_medium=api_v2_search&utm_source=W0G1IM24rTZuneG9fLL4Ng,wah-fung-no-1-new-york
95,Brooklyn Banh Mi,4.5,New York,https://www.yelp.com/biz/brooklyn-banh-mi-brooklyn?adjust_creative=W0G1IM24rTZuneG9fLL4Ng&utm_campaign=yelp_api&utm_medium=api_v2_search&utm_source=W0G1IM24rTZuneG9fLL4Ng,brooklyn-banh-mi-brooklyn
96,Red Poke,4.5,New York,https://www.yelp.com/biz/red-poke-new-york-2?adjust_creative=W0G1IM24rTZuneG9fLL4Ng&utm_campaign=yelp_api&utm_medium=api_v2_search&utm_source=W0G1IM24rTZuneG9fLL4Ng,red-poke-new-york-2
97,Gaijin,4.5,New York,https://www.yelp.com/biz/gaijin-astoria-3?adjust_creative=W0G1IM24rTZuneG9fLL4Ng&utm_campaign=yelp_api&utm_medium=api_v2_search&utm_source=W0G1IM24rTZuneG9fLL4Ng,gaijin-astoria-3
98,Pita Palace,5,New York,https://www.yelp.com/biz/pita-palace-brooklyn?adjust_creative=W0G1IM24rTZuneG9fLL4Ng&utm_campaign=yelp_api&utm_medium=api_v2_search&utm_source=W0G1IM24rTZuneG9fLL4Ng,pita-palace-brooklyn
99,Bubu,4.5,Denver,https://www.yelp.com/biz/bubu-denver?adjust_creative=W0G1IM24rTZuneG9fLL4Ng&utm_campaign=yelp_api&utm_medium=api_v2_search&utm_source=W0G1IM24rTZuneG9fLL4Ng,bubu-denver
100,Ohana Island Kitchen,4.5,Denver,https://www.yelp.com/biz/ohana-island-kitchen-denver?adjust_creative=W0G1IM24rTZuneG9fLL4Ng&utm_campaign=yelp_api&utm_medium=api_v2_search&utm_source=W0G1IM24rTZuneG9fLL4Ng,ohana-island-kitchen-denver
101,Marion Street Tavern,4.5,Denver,https://www.yelp.com/biz/marion-street-tavern-denver?adjust_creative=W0G1IM24rTZuneG9fLL4Ng&utm_campaign=yelp_api&utm_medium=api_v2_search&utm_source=W0G1IM24rTZuneG9fLL4Ng,marion-street-tavern-denver
102,Taqueria La Familia,5,Denver,https://www.yelp.com/biz/taqueria-la-familia-denver?adjust_creative=W0G1IM24rTZuneG9fLL4Ng&utm_campaign=yelp_api&utm_medium=api_v2_search&utm_source=W0G1IM24rTZuneG9fLL4Ng,taqueria-la-familia-denver
103,SNOWLAB,5,Denver,https://www.yelp.com/biz/snowlab-denver?adjust_creative=W0G1IM24rTZuneG9fLL4Ng&utm_campaign=yelp_api&utm_medium=api_v2_search&utm_source=W0G1IM24rTZuneG9fLL4Ng,snowlab-denver
104,Liang's Thai Food,4.5,Denver,https://www.yelp.com/biz/liangs-thai-food-denver?adjust_creative=W0G1IM24rTZuneG9fLL4Ng&utm_campaign=yelp_api&utm_medium=api_v2_search&utm_source=W0G1IM24rTZuneG9fLL4Ng,liangs-thai-food-denver
105,AikoPops,5,Denver,https://www.yelp.com/biz/aikopops-denver-3?adjust_creative=W0G1IM24rTZuneG9fLL4Ng&utm_campaign=yelp_api&utm_medium=api_v2_search&utm_source=W0G1IM24rTZuneG9fLL4Ng,aikopops-denver-3
106,Fish N Beer,4.5,Denver,https://www.yelp.com/biz/fish-n-beer-denver?adjust_creative=W0G1IM24rTZuneG9fLL4Ng&utm_campaign=yelp_api&utm_medium=api_v2_search&utm_source=W0G1IM24rTZuneG9fLL4Ng,fish-n-beer-denver
107,PokeCity,4.5,Denver,https://www.yelp.com/biz/pokecity-denver?adjust_creative=W0G1IM24rTZuneG9fLL4Ng&utm_campaign=yelp_api&utm_medium=api_v2_search&utm_source=W0G1IM24rTZuneG9fLL4Ng,pokecity-denver
108,Las Tortas,4.5,Denver,https://www.yelp.com/biz/las-tortas-denver-2?adjust_creative=W0G1IM24rTZuneG9fLL4Ng&utm_campaign=yelp_api&utm_medium=api_v2_search&utm_source=W0G1IM24rTZuneG9fLL4Ng,las-tortas-denver-2
109,Chop Shop Casual Urban Eatery Colfax,4.5,Denver,https://www.yelp.com/biz/chop-shop-casual-urban-eatery-colfax-denver-7?adjust_creative=W0G1IM24rTZuneG9fLL4Ng&utm_campaign=yelp_api&utm_medium=api_v2_search&utm_source=W0G1IM24rTZuneG9fLL4Ng,chop-shop-casual-urban-eatery-colfax-denver-7
110,Mercantile Dining & Provision,4.5,Denver,https://www.yelp.com/biz/mercantile-dining-and-provision-denver?adjust_creative=W0G1IM24rTZuneG9fLL4Ng&utm_campaign=yelp_api&utm_medium=api_v2_search&utm_source=W0G1IM24rTZuneG9fLL4Ng,mercantile-dining-and-provision-denver
111,Denver Biscuit Co.,4.5,Denver,https://www.yelp.com/biz/denver-biscuit-co-denver-9?adjust_creative=W0G1IM24rTZuneG9fLL4Ng&utm_campaign=yelp_api&utm_medium=api_v2_search&utm_source=W0G1IM24rTZuneG9fLL4Ng,denver-biscuit-co-denver-9
112,Work & Class,4.5,Denver,https://www.yelp.com/biz/work-and-class-denver?adjust_creative=W0G1IM24rTZuneG9fLL4Ng&utm_campaign=yelp_api&utm_medium=api_v2_search&utm_source=W0G1IM24rTZuneG9fLL4Ng,work-and-class-denver
113,Snooze An AM Eatery,4.5,Denver,https://www.yelp.com/biz/snooze-an-am-eatery-denver-8?adjust_creative=W0G1IM24rTZuneG9fLL4Ng&utm_campaign=yelp_api&utm_medium=api_v2_search&utm_source=W0G1IM24rTZuneG9fLL4Ng,snooze-an-am-eatery-denver-8
114,Torta Grill,4.5,Denver,https://www.yelp.com/biz/torta-grill-denver-2?adjust_creative=W0G1IM24rTZuneG9fLL4Ng&utm_campaign=yelp_api&utm_medium=api_v2_search&utm_source=W0G1IM24rTZuneG9fLL4Ng,torta-grill-denver-2
115,Wok Hei Fresh Asian,4,Denver,https://www.yelp.com/biz/wok-hei-fresh-asian-denver?adjust_creative=W0G1IM24rTZuneG9fLL4Ng&utm_campaign=yelp_api&utm_medium=api_v2_search&utm_source=W0G1IM24rTZuneG9fLL4Ng,wok-hei-fresh-asian-denver
116,Owlbear Barbecue,4.5,Denver,https://www.yelp.com/biz/owlbear-barbecue-denver?adjust_creative=W0G1IM24rTZuneG9fLL4Ng&utm_campaign=yelp_api&utm_medium=api_v2_search&utm_source=W0G1IM24rTZuneG9fLL4Ng,owlbear-barbecue-denver
117,Moxie Eatery,4.5,Denver,https://www.yelp.com/biz/moxie-eatery-denver?adjust_creative=W0G1IM24rTZuneG9fLL4Ng&utm_campaign=yelp_api&utm_medium=api_v2_search&utm_source=W0G1IM24rTZuneG9fLL4Ng,moxie-eatery-denver
118,Vert Kitchen,4.5,Denver,https://www.yelp.com/biz/vert-kitchen-denver?adjust_creative=W0G1IM24rTZuneG9fLL4Ng&utm_campaign=yelp_api&utm_medium=api_v2_search&utm_source=W0G1IM24rTZuneG9fLL4Ng,vert-kitchen-denver
119,Pindan Foods,4.5,Honolulu,https://www.yelp.com/biz/pindan-foods-honolulu-2?adjust_creative=W0G1IM24rTZuneG9fLL4Ng&utm_campaign=yelp_api&utm_medium=api_v2_search&utm_source=W0G1IM24rTZuneG9fLL4Ng,pindan-foods-honolulu-2
120,Earl Sandwich,4.5,Honolulu,https://www.yelp.com/biz/earl-sandwich-honolulu-2?adjust_creative=W0G1IM24rTZuneG9fLL4Ng&utm_campaign=yelp_api&utm_medium=api_v2_search&utm_source=W0G1IM24rTZuneG9fLL4Ng,earl-sandwich-honolulu-2
121,Scratch Kitchen & Bake Shop,4.5,Honolulu,https://www.yelp.com/biz/scratch-kitchen-and-bake-shop-honolulu?adjust_creative=W0G1IM24rTZuneG9fLL4Ng&utm_campaign=yelp_api&utm_medium=api_v2_search&utm_source=W0G1IM24rTZuneG9fLL4Ng,scratch-kitchen-and-bake-shop-honolulu
122,Brick Fire Tavern,4.5,Honolulu,https://www.yelp.com/biz/brick-fire-tavern-honolulu-2?adjust_creative=W0G1IM24rTZuneG9fLL4Ng&utm_campaign=yelp_api&utm_medium=api_v2_search&utm_source=W0G1IM24rTZuneG9fLL4Ng,brick-fire-tavern-honolulu-2
123,Your Kitchen,4.5,Honolulu,https://www.yelp.com/biz/your-kitchen-honolulu-2?adjust_creative=W0G1IM24rTZuneG9fLL4Ng&utm_campaign=yelp_api&utm_medium=api_v2_search&utm_source=W0G1IM24rTZuneG9fLL4Ng,your-kitchen-honolulu-2
124,Maguro Brothers Hawaii,4.5,Honolulu,https://www.yelp.com/biz/maguro-brothers-hawaii-honolulu?adjust_creative=W0G1IM24rTZuneG9fLL4Ng&utm_campaign=yelp_api&utm_medium=api_v2_search&utm_source=W0G1IM24rTZuneG9fLL4Ng,maguro-brothers-hawaii-honolulu
125,Mamis Empanadas,5,Honolulu,https://www.yelp.com/biz/mamis-empanadas-honolulu?adjust_creative=W0G1IM24rTZuneG9fLL4Ng&utm_campaign=yelp_api&utm_medium=api_v2_search&utm_source=W0G1IM24rTZuneG9fLL4Ng,mamis-empanadas-honolulu
126,Burger & Sushi,4.5,Honolulu,https://www.yelp.com/biz/burger-and-sushi-honolulu?adjust_creative=W0G1IM24rTZuneG9fLL4Ng&utm_campaign=yelp_api&utm_medium=api_v2_search&utm_source=W0G1IM24rTZuneG9fLL4Ng,burger-and-sushi-honolulu
127,Sistah,4,Honolulu,https://www.yelp.com/biz/sistah-honolulu-2?adjust_creative=W0G1IM24rTZuneG9fLL4Ng&utm_campaign=yelp_api&utm_medium=api_v2_search&utm_source=W0G1IM24rTZuneG9fLL4Ng,sistah-honolulu-2
128,Helena's Hawaiian Food,4.5,Honolulu,https://www.yelp.com/biz/helenas-hawaiian-food-honolulu?adjust_creative=W0G1IM24rTZuneG9fLL4Ng&utm_campaign=yelp_api&utm_medium=api_v2_search&utm_source=W0G1IM24rTZuneG9fLL4Ng,helenas-hawaiian-food-honolulu
129,Tonkatsu Ginza Bairin,4.5,Honolulu,https://www.yelp.com/biz/tonkatsu-ginza-bairin-honolulu?adjust_creative=W0G1IM24rTZuneG9fLL4Ng&utm_campaign=yelp_api&utm_medium=api_v2_search&utm_source=W0G1IM24rTZuneG9fLL4Ng,tonkatsu-ginza-bairin-honolulu
130,Ono Seafood,4.5,Honolulu,https://www.yelp.com/biz/ono-seafood-honolulu?adjust_creative=W0G1IM24rTZuneG9fLL4Ng&utm_campaign=yelp_api&utm_medium=api_v2_search&utm_source=W0G1IM24rTZuneG9fLL4Ng,ono-seafood-honolulu
131,Senia,4.5,Honolulu,https://www.yelp.com/biz/senia-honolulu-2?adjust_creative=W0G1IM24rTZuneG9fLL4Ng&utm_campaign=yelp_api&utm_medium=api_v2_search&utm_source=W0G1IM24rTZuneG9fLL4Ng,senia-honolulu-2
132,The Rice Place,4.5,Honolulu,https://www.yelp.com/biz/the-rice-place-honolulu?adjust_creative=W0G1IM24rTZuneG9fLL4Ng&utm_campaign=yelp_api&utm_medium=api_v2_search&utm_source=W0G1IM24rTZuneG9fLL4Ng,the-rice-place-honolulu
133,Marukame Udon,4.5,Honolulu,https://www.yelp.com/biz/marukame-udon-honolulu?adjust_creative=W0G1IM24rTZuneG9fLL4Ng&utm_campaign=yelp_api&utm_medium=api_v2_search&utm_source=W0G1IM24rTZuneG9fLL4Ng,marukame-udon-honolulu
134,Cajun King Kaimuki,5,Honolulu,https://www.yelp.com/biz/cajun-king-kaimuki-honolulu-3?adjust_creative=W0G1IM24rTZuneG9fLL4Ng&utm_campaign=yelp_api&utm_medium=api_v2_search&utm_source=W0G1IM24rTZuneG9fLL4Ng,cajun-king-kaimuki-honolulu-3
135,Burgers and Things,4.5,Honolulu,https://www.yelp.com/biz/burgers-and-things-honolulu-5?adjust_creative=W0G1IM24rTZuneG9fLL4Ng&utm_campaign=yelp_api&utm_medium=api_v2_search&utm_source=W0G1IM24rTZuneG9fLL4Ng,burgers-and-things-honolulu-5
136,Musubi Cafe Iyasume,4.5,Honolulu,https://www.yelp.com/biz/musubi-cafe-iyasume-honolulu?adjust_creative=W0G1IM24rTZuneG9fLL4Ng&utm_campaign=yelp_api&utm_medium=api_v2_search&utm_source=W0G1IM24rTZuneG9fLL4Ng,musubi-cafe-iyasume-honolulu
137,Kono's,4.5,Honolulu,https://www.yelp.com/biz/konos-honolulu?adjust_creative=W0G1IM24rTZuneG9fLL4Ng&utm_campaign=yelp_api&utm_medium=api_v2_search&utm_source=W0G1IM24rTZuneG9fLL4Ng,konos-honolulu
138,Steak Shack,4.5,Honolulu,https://www.yelp.com/biz/steak-shack-honolulu?adjust_creative=W0G1IM24rTZuneG9fLL4Ng&utm_campaign=yelp_api&utm_medium=api_v2_search&utm_source=W0G1IM24rTZuneG9fLL4Ng,steak-shack-honolulu
139,Hogwash,4.5,San Francisco,https://www.yelp.com/biz/hogwash-san-francisco?adjust_creative=W0G1IM24rTZuneG9fLL4Ng&utm_campaign=yelp_api&utm_medium=api_v2_search&utm_source=W0G1IM24rTZuneG9fLL4Ng,hogwash-san-francisco
140,Panucho's,4.5,San Francisco,https://www.yelp.com/biz/panuchos-san-francisco?adjust_creative=W0G1IM24rTZuneG9fLL4Ng&utm_campaign=yelp_api&utm_medium=api_v2_search&utm_source=W0G1IM24rTZuneG9fLL4Ng,panuchos-san-francisco
141,Hwaro,4,San Francisco,https://www.yelp.com/biz/hwaro-san-francisco-2?adjust_creative=W0G1IM24rTZuneG9fLL4Ng&utm_campaign=yelp_api&utm_medium=api_v2_search&utm_source=W0G1IM24rTZuneG9fLL4Ng,hwaro-san-francisco-2
145,Poké Bar,4,San Francisco,https://www.yelp.com/biz/pok%C3%A9-bar-san-francisco-2?adjust_creative=W0G1IM24rTZuneG9fLL4Ng&utm_campaign=yelp_api&utm_medium=api_v2_search&utm_source=W0G1IM24rTZuneG9fLL4Ng,poké-bar-san-francisco-2
146,Rooster & Rice,4.5,San Francisco,https://www.yelp.com/biz/rooster-and-rice-san-francisco-4?adjust_creative=W0G1IM24rTZuneG9fLL4Ng&utm_campaign=yelp_api&utm_medium=api_v2_search&utm_source=W0G1IM24rTZuneG9fLL4Ng,rooster-and-rice-san-francisco-4
147,Nabe,4.5,San Francisco,https://www.yelp.com/biz/nabe-san-francisco-5?adjust_creative=W0G1IM24rTZuneG9fLL4Ng&utm_campaign=yelp_api&utm_medium=api_v2_search&utm_source=W0G1IM24rTZuneG9fLL4Ng,nabe-san-francisco-5
148,Tacorea,4.5,San Francisco,https://www.yelp.com/biz/tacorea-san-francisco?adjust_creative=W0G1IM24rTZuneG9fLL4Ng&utm_campaign=yelp_api&utm_medium=api_v2_search&utm_source=W0G1IM24rTZuneG9fLL4Ng,tacorea-san-francisco
149,BARZOTTO,4,San Francisco,https://www.yelp.com/biz/barzotto-san-francisco?adjust_creative=W0G1IM24rTZuneG9fLL4Ng&utm_campaign=yelp_api&utm_medium=api_v2_search&utm_source=W0G1IM24rTZuneG9fLL4Ng,barzotto-san-francisco
210,The Fat Bear,4.5,London,https://www.yelp.com/biz/the-fat-bear-london?adjust_creative=W0G1IM24rTZuneG9fLL4Ng&utm_campaign=yelp_api&utm_medium=api_v2_search&utm_source=W0G1IM24rTZuneG9fLL4Ng,the-fat-bear-london
150,Saigon Sandwich,4.5,San Francisco,https://www.yelp.com/biz/saigon-sandwich-san-francisco?adjust_creative=W0G1IM24rTZuneG9fLL4Ng&utm_campaign=yelp_api&utm_medium=api_v2_search&utm_source=W0G1IM24rTZuneG9fLL4Ng,saigon-sandwich-san-francisco
151,Tselogs,4.5,San Francisco,https://www.yelp.com/biz/tselogs-san-francisco-4?adjust_creative=W0G1IM24rTZuneG9fLL4Ng&utm_campaign=yelp_api&utm_medium=api_v2_search&utm_source=W0G1IM24rTZuneG9fLL4Ng,tselogs-san-francisco-4
152,Elena Una,4.5,San Francisco,https://www.yelp.com/biz/elena-una-san-francisco?adjust_creative=W0G1IM24rTZuneG9fLL4Ng&utm_campaign=yelp_api&utm_medium=api_v2_search&utm_source=W0G1IM24rTZuneG9fLL4Ng,elena-una-san-francisco
153,808 Poke Shack,4.5,San Francisco,https://www.yelp.com/biz/808-poke-shack-san-francisco?adjust_creative=W0G1IM24rTZuneG9fLL4Ng&utm_campaign=yelp_api&utm_medium=api_v2_search&utm_source=W0G1IM24rTZuneG9fLL4Ng,808-poke-shack-san-francisco
154,Mac Daddy,4.5,San Francisco,https://www.yelp.com/biz/mac-daddy-san-francisco?adjust_creative=W0G1IM24rTZuneG9fLL4Ng&utm_campaign=yelp_api&utm_medium=api_v2_search&utm_source=W0G1IM24rTZuneG9fLL4Ng,mac-daddy-san-francisco
155,Waystone,4.5,San Francisco,https://www.yelp.com/biz/waystone-san-francisco-2?adjust_creative=W0G1IM24rTZuneG9fLL4Ng&utm_campaign=yelp_api&utm_medium=api_v2_search&utm_source=W0G1IM24rTZuneG9fLL4Ng,waystone-san-francisco-2
156,The Codmother Fish and Chips,4.5,San Francisco,https://www.yelp.com/biz/the-codmother-fish-and-chips-san-francisco?adjust_creative=W0G1IM24rTZuneG9fLL4Ng&utm_campaign=yelp_api&utm_medium=api_v2_search&utm_source=W0G1IM24rTZuneG9fLL4Ng,the-codmother-fish-and-chips-san-francisco
157,FOB Kitchen,4.5,San Francisco,https://www.yelp.com/biz/fob-kitchen-san-francisco-4?adjust_creative=W0G1IM24rTZuneG9fLL4Ng&utm_campaign=yelp_api&utm_medium=api_v2_search&utm_source=W0G1IM24rTZuneG9fLL4Ng,fob-kitchen-san-francisco-4
158,Souvla,4.5,San Francisco,https://www.yelp.com/biz/souvla-san-francisco-3?adjust_creative=W0G1IM24rTZuneG9fLL4Ng&utm_campaign=yelp_api&utm_medium=api_v2_search&utm_source=W0G1IM24rTZuneG9fLL4Ng,souvla-san-francisco-3
159,HRD,4.5,San Francisco,https://www.yelp.com/biz/hrd-san-francisco-4?adjust_creative=W0G1IM24rTZuneG9fLL4Ng&utm_campaign=yelp_api&utm_medium=api_v2_search&utm_source=W0G1IM24rTZuneG9fLL4Ng,hrd-san-francisco-4
160,El Farolito,4,San Francisco,https://www.yelp.com/biz/el-farolito-san-francisco-2?adjust_creative=W0G1IM24rTZuneG9fLL4Ng&utm_campaign=yelp_api&utm_medium=api_v2_search&utm_source=W0G1IM24rTZuneG9fLL4Ng,el-farolito-san-francisco-2
161,Bite,4.5,San Francisco,https://www.yelp.com/biz/bite-san-francisco?adjust_creative=W0G1IM24rTZuneG9fLL4Ng&utm_campaign=yelp_api&utm_medium=api_v2_search&utm_source=W0G1IM24rTZuneG9fLL4Ng,bite-san-francisco
162,Bongos,4.5,Seattle,https://www.yelp.com/biz/bongos-seattle?adjust_creative=W0G1IM24rTZuneG9fLL4Ng&utm_campaign=yelp_api&utm_medium=api_v2_search&utm_source=W0G1IM24rTZuneG9fLL4Ng,bongos-seattle
163,Pike Place Chowder,4.5,Seattle,https://www.yelp.com/biz/pike-place-chowder-seattle?adjust_creative=W0G1IM24rTZuneG9fLL4Ng&utm_campaign=yelp_api&utm_medium=api_v2_search&utm_source=W0G1IM24rTZuneG9fLL4Ng,pike-place-chowder-seattle
164,Tacos Chukis,4.5,Seattle,https://www.yelp.com/biz/tacos-chukis-seattle?adjust_creative=W0G1IM24rTZuneG9fLL4Ng&utm_campaign=yelp_api&utm_medium=api_v2_search&utm_source=W0G1IM24rTZuneG9fLL4Ng,tacos-chukis-seattle
165,Asadero Ballard,4.5,Seattle,https://www.yelp.com/biz/asadero-ballard-seattle?adjust_creative=W0G1IM24rTZuneG9fLL4Ng&utm_campaign=yelp_api&utm_medium=api_v2_search&utm_source=W0G1IM24rTZuneG9fLL4Ng,asadero-ballard-seattle
166,Aglio e Olio,4.5,Seattle,https://www.yelp.com/biz/aglio-e-olio-seattle?adjust_creative=W0G1IM24rTZuneG9fLL4Ng&utm_campaign=yelp_api&utm_medium=api_v2_search&utm_source=W0G1IM24rTZuneG9fLL4Ng,aglio-e-olio-seattle
167,Dueminuti Healthy Pasta,4.5,Seattle,https://www.yelp.com/biz/dueminuti-healthy-pasta-seattle?adjust_creative=W0G1IM24rTZuneG9fLL4Ng&utm_campaign=yelp_api&utm_medium=api_v2_search&utm_source=W0G1IM24rTZuneG9fLL4Ng,dueminuti-healthy-pasta-seattle
168,Paseo Caribbean Food - Fremont,4.5,Seattle,https://www.yelp.com/biz/paseo-caribbean-food-fremont-seattle-2?adjust_creative=W0G1IM24rTZuneG9fLL4Ng&utm_campaign=yelp_api&utm_medium=api_v2_search&utm_source=W0G1IM24rTZuneG9fLL4Ng,paseo-caribbean-food-fremont-seattle-2
169,Daily Dozen Doughnut,4.5,Seattle,https://www.yelp.com/biz/daily-dozen-doughnut-seattle?adjust_creative=W0G1IM24rTZuneG9fLL4Ng&utm_campaign=yelp_api&utm_medium=api_v2_search&utm_source=W0G1IM24rTZuneG9fLL4Ng,daily-dozen-doughnut-seattle
170,Piroshky Piroshky,4.5,Seattle,https://www.yelp.com/biz/piroshky-piroshky-seattle?adjust_creative=W0G1IM24rTZuneG9fLL4Ng&utm_campaign=yelp_api&utm_medium=api_v2_search&utm_source=W0G1IM24rTZuneG9fLL4Ng,piroshky-piroshky-seattle
171,goPoké,4.5,Seattle,https://www.yelp.com/biz/gopok%C3%A9-seattle-5?adjust_creative=W0G1IM24rTZuneG9fLL4Ng&utm_campaign=yelp_api&utm_medium=api_v2_search&utm_source=W0G1IM24rTZuneG9fLL4Ng,gopoké-seattle-5
172,Meekong Bar,4.5,Seattle,https://www.yelp.com/biz/meekong-bar-seattle-4?adjust_creative=W0G1IM24rTZuneG9fLL4Ng&utm_campaign=yelp_api&utm_medium=api_v2_search&utm_source=W0G1IM24rTZuneG9fLL4Ng,meekong-bar-seattle-4
173,Umma's Lunch Box,4.5,Seattle,https://www.yelp.com/biz/ummas-lunch-box-seattle?adjust_creative=W0G1IM24rTZuneG9fLL4Ng&utm_campaign=yelp_api&utm_medium=api_v2_search&utm_source=W0G1IM24rTZuneG9fLL4Ng,ummas-lunch-box-seattle
174,Rocco's,4.5,Seattle,https://www.yelp.com/biz/roccos-seattle?adjust_creative=W0G1IM24rTZuneG9fLL4Ng&utm_campaign=yelp_api&utm_medium=api_v2_search&utm_source=W0G1IM24rTZuneG9fLL4Ng,roccos-seattle
175,The Crumpet Shop,4.5,Seattle,https://www.yelp.com/biz/the-crumpet-shop-seattle?adjust_creative=W0G1IM24rTZuneG9fLL4Ng&utm_campaign=yelp_api&utm_medium=api_v2_search&utm_source=W0G1IM24rTZuneG9fLL4Ng,the-crumpet-shop-seattle
176,A + Hong Kong Kitchen,4.5,Seattle,https://www.yelp.com/biz/a-hong-kong-kitchen-seattle?adjust_creative=W0G1IM24rTZuneG9fLL4Ng&utm_campaign=yelp_api&utm_medium=api_v2_search&utm_source=W0G1IM24rTZuneG9fLL4Ng,a-hong-kong-kitchen-seattle
177,Valhalla Sandwiches,5,Seattle,https://www.yelp.com/biz/valhalla-sandwiches-seattle?adjust_creative=W0G1IM24rTZuneG9fLL4Ng&utm_campaign=yelp_api&utm_medium=api_v2_search&utm_source=W0G1IM24rTZuneG9fLL4Ng,valhalla-sandwiches-seattle
178,Biscuit Bitch,4.5,Seattle,https://www.yelp.com/biz/biscuit-bitch-seattle-5?adjust_creative=W0G1IM24rTZuneG9fLL4Ng&utm_campaign=yelp_api&utm_medium=api_v2_search&utm_source=W0G1IM24rTZuneG9fLL4Ng,biscuit-bitch-seattle-5
179,Il Corvo Pasta,4.5,Seattle,https://www.yelp.com/biz/il-corvo-pasta-seattle?adjust_creative=W0G1IM24rTZuneG9fLL4Ng&utm_campaign=yelp_api&utm_medium=api_v2_search&utm_source=W0G1IM24rTZuneG9fLL4Ng,il-corvo-pasta-seattle
180,Simply Soulful,4.5,Seattle,https://www.yelp.com/biz/simply-soulful-seattle?adjust_creative=W0G1IM24rTZuneG9fLL4Ng&utm_campaign=yelp_api&utm_medium=api_v2_search&utm_source=W0G1IM24rTZuneG9fLL4Ng,simply-soulful-seattle
181,Tilikum Place Cafe,4.5,Seattle,https://www.yelp.com/biz/tilikum-place-cafe-seattle-3?adjust_creative=W0G1IM24rTZuneG9fLL4Ng&utm_campaign=yelp_api&utm_medium=api_v2_search&utm_source=W0G1IM24rTZuneG9fLL4Ng,tilikum-place-cafe-seattle-3
182,White Boy Tacos,5,Los Angeles,https://www.yelp.com/biz/white-boy-tacos-los-angeles?adjust_creative=W0G1IM24rTZuneG9fLL4Ng&utm_campaign=yelp_api&utm_medium=api_v2_search&utm_source=W0G1IM24rTZuneG9fLL4Ng,white-boy-tacos-los-angeles
183,Yuko Kitchen,4.5,Los Angeles,https://www.yelp.com/biz/yuko-kitchen-los-angeles-3?adjust_creative=W0G1IM24rTZuneG9fLL4Ng&utm_campaign=yelp_api&utm_medium=api_v2_search&utm_source=W0G1IM24rTZuneG9fLL4Ng,yuko-kitchen-los-angeles-3
184,my two ¢ents,5,Los Angeles,https://www.yelp.com/biz/my-two-ents-los-angeles?adjust_creative=W0G1IM24rTZuneG9fLL4Ng&utm_campaign=yelp_api&utm_medium=api_v2_search&utm_source=W0G1IM24rTZuneG9fLL4Ng,my-two-ents-los-angeles
185,Yup Dduk La,4.5,Los Angeles,https://www.yelp.com/biz/yup-dduk-la-los-angeles?adjust_creative=W0G1IM24rTZuneG9fLL4Ng&utm_campaign=yelp_api&utm_medium=api_v2_search&utm_source=W0G1IM24rTZuneG9fLL4Ng,yup-dduk-la-los-angeles
186,The Bento Place,4.5,Los Angeles,https://www.yelp.com/biz/the-bento-place-los-angeles?adjust_creative=W0G1IM24rTZuneG9fLL4Ng&utm_campaign=yelp_api&utm_medium=api_v2_search&utm_source=W0G1IM24rTZuneG9fLL4Ng,the-bento-place-los-angeles
187,The Morrison,4.5,Los Angeles,https://www.yelp.com/biz/the-morrison-los-angeles?adjust_creative=W0G1IM24rTZuneG9fLL4Ng&utm_campaign=yelp_api&utm_medium=api_v2_search&utm_source=W0G1IM24rTZuneG9fLL4Ng,the-morrison-los-angeles
188,Bubble U,4.5,Los Angeles,https://www.yelp.com/biz/bubble-u-los-angeles-2?adjust_creative=W0G1IM24rTZuneG9fLL4Ng&utm_campaign=yelp_api&utm_medium=api_v2_search&utm_source=W0G1IM24rTZuneG9fLL4Ng,bubble-u-los-angeles-2
189,M CON,4.5,Los Angeles,https://www.yelp.com/biz/m-con-los-angeles-2?adjust_creative=W0G1IM24rTZuneG9fLL4Ng&utm_campaign=yelp_api&utm_medium=api_v2_search&utm_source=W0G1IM24rTZuneG9fLL4Ng,m-con-los-angeles-2
190,Everytable,4.5,Los Angeles,https://www.yelp.com/biz/everytable-los-angeles?adjust_creative=W0G1IM24rTZuneG9fLL4Ng&utm_campaign=yelp_api&utm_medium=api_v2_search&utm_source=W0G1IM24rTZuneG9fLL4Ng,everytable-los-angeles
191,Comfort LA,4.5,Los Angeles,https://www.yelp.com/biz/comfort-la-los-angeles?adjust_creative=W0G1IM24rTZuneG9fLL4Ng&utm_campaign=yelp_api&utm_medium=api_v2_search&utm_source=W0G1IM24rTZuneG9fLL4Ng,comfort-la-los-angeles
192,Pasta Sisters,4.5,Los Angeles,https://www.yelp.com/biz/pasta-sisters-los-angeles?adjust_creative=W0G1IM24rTZuneG9fLL4Ng&utm_campaign=yelp_api&utm_medium=api_v2_search&utm_source=W0G1IM24rTZuneG9fLL4Ng,pasta-sisters-los-angeles
193,All Flavor No Grease,4.5,Los Angeles,https://www.yelp.com/biz/all-flavor-no-grease-los-angeles?adjust_creative=W0G1IM24rTZuneG9fLL4Ng&utm_campaign=yelp_api&utm_medium=api_v2_search&utm_source=W0G1IM24rTZuneG9fLL4Ng,all-flavor-no-grease-los-angeles
194,Howlin' Ray's,4.5,Los Angeles,https://www.yelp.com/biz/howlin-rays-los-angeles-3?adjust_creative=W0G1IM24rTZuneG9fLL4Ng&utm_campaign=yelp_api&utm_medium=api_v2_search&utm_source=W0G1IM24rTZuneG9fLL4Ng,howlin-rays-los-angeles-3
195,Poke Me,4.5,Los Angeles,https://www.yelp.com/biz/poke-me-los-angeles-4?adjust_creative=W0G1IM24rTZuneG9fLL4Ng&utm_campaign=yelp_api&utm_medium=api_v2_search&utm_source=W0G1IM24rTZuneG9fLL4Ng,poke-me-los-angeles-4
196,Bolt,4.5,Los Angeles,https://www.yelp.com/biz/bolt-los-angeles-2?adjust_creative=W0G1IM24rTZuneG9fLL4Ng&utm_campaign=yelp_api&utm_medium=api_v2_search&utm_source=W0G1IM24rTZuneG9fLL4Ng,bolt-los-angeles-2
197,Yuk Dae Jang,5,Los Angeles,https://www.yelp.com/biz/yuk-dae-jang-los-angeles?adjust_creative=W0G1IM24rTZuneG9fLL4Ng&utm_campaign=yelp_api&utm_medium=api_v2_search&utm_source=W0G1IM24rTZuneG9fLL4Ng,yuk-dae-jang-los-angeles
198,Corn Man,4.5,Los Angeles,https://www.yelp.com/biz/corn-man-los-angeles-3?adjust_creative=W0G1IM24rTZuneG9fLL4Ng&utm_campaign=yelp_api&utm_medium=api_v2_search&utm_source=W0G1IM24rTZuneG9fLL4Ng,corn-man-los-angeles-3
199,Rodini Park,5,Los Angeles,https://www.yelp.com/biz/rodini-park-los-angeles?adjust_creative=W0G1IM24rTZuneG9fLL4Ng&utm_campaign=yelp_api&utm_medium=api_v2_search&utm_source=W0G1IM24rTZuneG9fLL4Ng,rodini-park-los-angeles
200,Angry Chicken,4.5,Los Angeles,https://www.yelp.com/biz/angry-chicken-los-angeles-2?adjust_creative=W0G1IM24rTZuneG9fLL4Ng&utm_campaign=yelp_api&utm_medium=api_v2_search&utm_source=W0G1IM24rTZuneG9fLL4Ng,angry-chicken-los-angeles-2
201,Honey Hi,4.5,Los Angeles,https://www.yelp.com/biz/honey-hi-los-angeles?adjust_creative=W0G1IM24rTZuneG9fLL4Ng&utm_campaign=yelp_api&utm_medium=api_v2_search&utm_source=W0G1IM24rTZuneG9fLL4Ng,honey-hi-los-angeles
202,Scooter Caffè,4.5,London,https://www.yelp.com/biz/scooter-caff%C3%A8-london-2?adjust_creative=W0G1IM24rTZuneG9fLL4Ng&utm_campaign=yelp_api&utm_medium=api_v2_search&utm_source=W0G1IM24rTZuneG9fLL4Ng,scooter-caffè-london-2
203,Friends of Ours,5,London,https://www.yelp.com/biz/friends-of-ours-london?adjust_creative=W0G1IM24rTZuneG9fLL4Ng&utm_campaign=yelp_api&utm_medium=api_v2_search&utm_source=W0G1IM24rTZuneG9fLL4Ng,friends-of-ours-london
204,The Colonel Fawcett,5,London,https://www.yelp.com/biz/the-colonel-fawcett-london?adjust_creative=W0G1IM24rTZuneG9fLL4Ng&utm_campaign=yelp_api&utm_medium=api_v2_search&utm_source=W0G1IM24rTZuneG9fLL4Ng,the-colonel-fawcett-london
205,Roast To Go,4.5,London,https://www.yelp.com/biz/roast-to-go-london?adjust_creative=W0G1IM24rTZuneG9fLL4Ng&utm_campaign=yelp_api&utm_medium=api_v2_search&utm_source=W0G1IM24rTZuneG9fLL4Ng,roast-to-go-london
206,Ffiona's Restaurant,5,London,https://www.yelp.com/biz/ffionas-restaurant-london?adjust_creative=W0G1IM24rTZuneG9fLL4Ng&utm_campaign=yelp_api&utm_medium=api_v2_search&utm_source=W0G1IM24rTZuneG9fLL4Ng,ffionas-restaurant-london
207,Bailey's Fish and Chips,4.5,London,https://www.yelp.com/biz/baileys-fish-and-chips-london?adjust_creative=W0G1IM24rTZuneG9fLL4Ng&utm_campaign=yelp_api&utm_medium=api_v2_search&utm_source=W0G1IM24rTZuneG9fLL4Ng,baileys-fish-and-chips-london
208,CASK Pub and Kitchen,4.5,London,https://www.yelp.com/biz/cask-pub-and-kitchen-london-2?adjust_creative=W0G1IM24rTZuneG9fLL4Ng&utm_campaign=yelp_api&utm_medium=api_v2_search&utm_source=W0G1IM24rTZuneG9fLL4Ng,cask-pub-and-kitchen-london-2
209,Bageriet,5,London,https://www.yelp.com/biz/bageriet-london?adjust_creative=W0G1IM24rTZuneG9fLL4Ng&utm_campaign=yelp_api&utm_medium=api_v2_search&utm_source=W0G1IM24rTZuneG9fLL4Ng,bageriet-london
211,Trade,4.5,London,https://www.yelp.com/biz/trade-london?adjust_creative=W0G1IM24rTZuneG9fLL4Ng&utm_campaign=yelp_api&utm_medium=api_v2_search&utm_source=W0G1IM24rTZuneG9fLL4Ng,trade-london
212,Dishoom,4.5,London,https://www.yelp.com/biz/dishoom-london-7?adjust_creative=W0G1IM24rTZuneG9fLL4Ng&utm_campaign=yelp_api&utm_medium=api_v2_search&utm_source=W0G1IM24rTZuneG9fLL4Ng,dishoom-london-7
213,Patty & Bun,4.5,London,https://www.yelp.com/biz/patty-and-bun-london?adjust_creative=W0G1IM24rTZuneG9fLL4Ng&utm_campaign=yelp_api&utm_medium=api_v2_search&utm_source=W0G1IM24rTZuneG9fLL4Ng,patty-and-bun-london
214,Bleecker St.,4.5,London,https://www.yelp.com/biz/bleecker-st-london?adjust_creative=W0G1IM24rTZuneG9fLL4Ng&utm_campaign=yelp_api&utm_medium=api_v2_search&utm_source=W0G1IM24rTZuneG9fLL4Ng,bleecker-st-london
215,The Pig and Butcher,4.5,London,https://www.yelp.com/biz/the-pig-and-butcher-london?adjust_creative=W0G1IM24rTZuneG9fLL4Ng&utm_campaign=yelp_api&utm_medium=api_v2_search&utm_source=W0G1IM24rTZuneG9fLL4Ng,the-pig-and-butcher-london
216,Burger & Lobster,4.5,London,https://www.yelp.com/biz/burger-and-lobster-london-7?adjust_creative=W0G1IM24rTZuneG9fLL4Ng&utm_campaign=yelp_api&utm_medium=api_v2_search&utm_source=W0G1IM24rTZuneG9fLL4Ng,burger-and-lobster-london-7
217,Boro Bistro,5,London,https://www.yelp.com/biz/boro-bistro-london?adjust_creative=W0G1IM24rTZuneG9fLL4Ng&utm_campaign=yelp_api&utm_medium=api_v2_search&utm_source=W0G1IM24rTZuneG9fLL4Ng,boro-bistro-london
218,Barrafina,4.5,London,https://www.yelp.com/biz/barrafina-london?adjust_creative=W0G1IM24rTZuneG9fLL4Ng&utm_campaign=yelp_api&utm_medium=api_v2_search&utm_source=W0G1IM24rTZuneG9fLL4Ng,barrafina-london
219,Maroush II,4.5,London,https://www.yelp.com/biz/maroush-ii-london?adjust_creative=W0G1IM24rTZuneG9fLL4Ng&utm_campaign=yelp_api&utm_medium=api_v2_search&utm_source=W0G1IM24rTZuneG9fLL4Ng,maroush-ii-london
220,Great Queen Street,4.5,London,https://www.yelp.com/biz/great-queen-street-london?adjust_creative=W0G1IM24rTZuneG9fLL4Ng&utm_campaign=yelp_api&utm_medium=api_v2_search&utm_source=W0G1IM24rTZuneG9fLL4Ng,great-queen-street-london
221,Abeno,4.5,London,https://www.yelp.com/biz/abeno-london?adjust_creative=W0G1IM24rTZuneG9fLL4Ng&utm_campaign=yelp_api&utm_medium=api_v2_search&utm_source=W0G1IM24rTZuneG9fLL4Ng,abeno-london
222,TJ's BBQ by the Beach,4.5,Kona,https://www.yelp.com/biz/tjs-bbq-by-the-beach-kailua-kona?adjust_creative=W0G1IM24rTZuneG9fLL4Ng&utm_campaign=yelp_api&utm_medium=api_v2_search&utm_source=W0G1IM24rTZuneG9fLL4Ng,tjs-bbq-by-the-beach-kailua-kona
223,Frenchman's Cafe,5,Kona,https://www.yelp.com/biz/frenchmans-cafe-kailua-kona?adjust_creative=W0G1IM24rTZuneG9fLL4Ng&utm_campaign=yelp_api&utm_medium=api_v2_search&utm_source=W0G1IM24rTZuneG9fLL4Ng,frenchmans-cafe-kailua-kona
224,Sushi Rock,4.5,Kona,https://www.yelp.com/biz/sushi-rock-hawi?adjust_creative=W0G1IM24rTZuneG9fLL4Ng&utm_campaign=yelp_api&utm_medium=api_v2_search&utm_source=W0G1IM24rTZuneG9fLL4Ng,sushi-rock-hawi
225,Kaaloa's Super Js,5,Kona,https://www.yelp.com/biz/kaaloas-super-js-captain-cook?adjust_creative=W0G1IM24rTZuneG9fLL4Ng&utm_campaign=yelp_api&utm_medium=api_v2_search&utm_source=W0G1IM24rTZuneG9fLL4Ng,kaaloas-super-js-captain-cook
226,Big Jake's Island B-B-Q,4.5,Kona,https://www.yelp.com/biz/big-jakes-island-b-b-q-honaunau?adjust_creative=W0G1IM24rTZuneG9fLL4Ng&utm_campaign=yelp_api&utm_medium=api_v2_search&utm_source=W0G1IM24rTZuneG9fLL4Ng,big-jakes-island-b-b-q-honaunau
227,Sushi U,5,Kona,https://www.yelp.com/biz/sushi-u-kailua-kona?adjust_creative=W0G1IM24rTZuneG9fLL4Ng&utm_campaign=yelp_api&utm_medium=api_v2_search&utm_source=W0G1IM24rTZuneG9fLL4Ng,sushi-u-kailua-kona
228,Kona Korean BBQ,5,Kona,https://www.yelp.com/biz/kona-korean-bbq-kailua-kona-2?adjust_creative=W0G1IM24rTZuneG9fLL4Ng&utm_campaign=yelp_api&utm_medium=api_v2_search&utm_source=W0G1IM24rTZuneG9fLL4Ng,kona-korean-bbq-kailua-kona-2
229,Umeke's,4.5,Kona,https://www.yelp.com/biz/umekes-kailua-kona?adjust_creative=W0G1IM24rTZuneG9fLL4Ng&utm_campaign=yelp_api&utm_medium=api_v2_search&utm_source=W0G1IM24rTZuneG9fLL4Ng,umekes-kailua-kona
230,Da Fish House Lunch Wagon,4.5,Kona,https://www.yelp.com/biz/da-fish-house-lunch-wagon-kawaihae?adjust_creative=W0G1IM24rTZuneG9fLL4Ng&utm_campaign=yelp_api&utm_medium=api_v2_search&utm_source=W0G1IM24rTZuneG9fLL4Ng,da-fish-house-lunch-wagon-kawaihae
231,Island Ono Loa Grill,4.5,Kona,https://www.yelp.com/biz/island-ono-loa-grill-kailua-kona?adjust_creative=W0G1IM24rTZuneG9fLL4Ng&utm_campaign=yelp_api&utm_medium=api_v2_search&utm_source=W0G1IM24rTZuneG9fLL4Ng,island-ono-loa-grill-kailua-kona
232,Residents' Beach House,4.5,Kona,https://www.yelp.com/biz/residents-beach-house-kailua-kona?adjust_creative=W0G1IM24rTZuneG9fLL4Ng&utm_campaign=yelp_api&utm_medium=api_v2_search&utm_source=W0G1IM24rTZuneG9fLL4Ng,residents-beach-house-kailua-kona
233,Basik Café,4.5,Kona,https://www.yelp.com/biz/basik-caf%C3%A9-kailua-kona?adjust_creative=W0G1IM24rTZuneG9fLL4Ng&utm_campaign=yelp_api&utm_medium=api_v2_search&utm_source=W0G1IM24rTZuneG9fLL4Ng,basik-café-kailua-kona
234,808 Grindz Cafe,4.5,Kona,https://www.yelp.com/biz/808-grindz-cafe-kailua-kona?adjust_creative=W0G1IM24rTZuneG9fLL4Ng&utm_campaign=yelp_api&utm_medium=api_v2_search&utm_source=W0G1IM24rTZuneG9fLL4Ng,808-grindz-cafe-kailua-kona
235,Manago Hotel Restaurant,4.5,Kona,https://www.yelp.com/biz/manago-hotel-restaurant-captain-cook?adjust_creative=W0G1IM24rTZuneG9fLL4Ng&utm_campaign=yelp_api&utm_medium=api_v2_search&utm_source=W0G1IM24rTZuneG9fLL4Ng,manago-hotel-restaurant-captain-cook
236,Kohala Burger & Taco,4.5,Kona,https://www.yelp.com/biz/kohala-burger-and-taco-kawaihae?adjust_creative=W0G1IM24rTZuneG9fLL4Ng&utm_campaign=yelp_api&utm_medium=api_v2_search&utm_source=W0G1IM24rTZuneG9fLL4Ng,kohala-burger-and-taco-kawaihae
237,Sun Dried Specialties,5,Kona,https://www.yelp.com/biz/sun-dried-specialties-kealakekua?adjust_creative=W0G1IM24rTZuneG9fLL4Ng&utm_campaign=yelp_api&utm_medium=api_v2_search&utm_source=W0G1IM24rTZuneG9fLL4Ng,sun-dried-specialties-kealakekua
238,Loko Wraps,5,Kona,https://www.yelp.com/biz/loko-wraps-captain-cook?adjust_creative=W0G1IM24rTZuneG9fLL4Ng&utm_campaign=yelp_api&utm_medium=api_v2_search&utm_source=W0G1IM24rTZuneG9fLL4Ng,loko-wraps-captain-cook
239,Chirashi Sushi Don By Jiro,5,Kona,https://www.yelp.com/biz/chirashi-sushi-don-by-jiro-kailua-kona?adjust_creative=W0G1IM24rTZuneG9fLL4Ng&utm_campaign=yelp_api&utm_medium=api_v2_search&utm_source=W0G1IM24rTZuneG9fLL4Ng,chirashi-sushi-don-by-jiro-kailua-kona
240,FOB'S,5,Kona,https://www.yelp.com/biz/fobs-kailua-kona?adjust_creative=W0G1IM24rTZuneG9fLL4Ng&utm_campaign=yelp_api&utm_medium=api_v2_search&utm_source=W0G1IM24rTZuneG9fLL4Ng,fobs-kailua-kona
241,Rebel Kitchen,4.5,Kona,https://www.yelp.com/biz/rebel-kitchen-kealakekua?adjust_creative=W0G1IM24rTZuneG9fLL4Ng&utm_campaign=yelp_api&utm_medium=api_v2_search&utm_source=W0G1IM24rTZuneG9fLL4Ng,rebel-kitchen-kealakekua
243,Moxie's,4,Dallas,https://www.yelp.com/biz/moxies-dallas?adjust_creative=W0G1IM24rTZuneG9fLL4Ng&utm_campaign=yelp_api&utm_medium=api_v2_search&utm_source=W0G1IM24rTZuneG9fLL4Ng,moxies-dallas
244,Whiskers Fish & Burgers,5,Dallas,https://www.yelp.com/biz/whiskers-fish-and-burgers-dallas?adjust_creative=W0G1IM24rTZuneG9fLL4Ng&utm_campaign=yelp_api&utm_medium=api_v2_search&utm_source=W0G1IM24rTZuneG9fLL4Ng,whiskers-fish-and-burgers-dallas
245,rise n°1,4.5,Dallas,https://www.yelp.com/biz/rise-n-1-dallas?adjust_creative=W0G1IM24rTZuneG9fLL4Ng&utm_campaign=yelp_api&utm_medium=api_v2_search&utm_source=W0G1IM24rTZuneG9fLL4Ng,rise-n-1-dallas
246,Mike's Chicken,4.5,Dallas,https://www.yelp.com/biz/mikes-chicken-dallas?adjust_creative=W0G1IM24rTZuneG9fLL4Ng&utm_campaign=yelp_api&utm_medium=api_v2_search&utm_source=W0G1IM24rTZuneG9fLL4Ng,mikes-chicken-dallas
247,Frank,5,Dallas,https://www.yelp.com/biz/frank-dallas-2?adjust_creative=W0G1IM24rTZuneG9fLL4Ng&utm_campaign=yelp_api&utm_medium=api_v2_search&utm_source=W0G1IM24rTZuneG9fLL4Ng,frank-dallas-2
248,Hopdoddy Burger Bar,4.5,Dallas,https://www.yelp.com/biz/hopdoddy-burger-bar-dallas?adjust_creative=W0G1IM24rTZuneG9fLL4Ng&utm_campaign=yelp_api&utm_medium=api_v2_search&utm_source=W0G1IM24rTZuneG9fLL4Ng,hopdoddy-burger-bar-dallas
249,El Tacaso,4.5,Dallas,https://www.yelp.com/biz/el-tacaso-dallas?adjust_creative=W0G1IM24rTZuneG9fLL4Ng&utm_campaign=yelp_api&utm_medium=api_v2_search&utm_source=W0G1IM24rTZuneG9fLL4Ng,el-tacaso-dallas
250,Meso Maya,4.5,Dallas,https://www.yelp.com/biz/meso-maya-dallas-4?adjust_creative=W0G1IM24rTZuneG9fLL4Ng&utm_campaign=yelp_api&utm_medium=api_v2_search&utm_source=W0G1IM24rTZuneG9fLL4Ng,meso-maya-dallas-4
251,Blatt Beer & Table,4.5,Dallas,https://www.yelp.com/biz/blatt-beer-and-table-dallas-2?adjust_creative=W0G1IM24rTZuneG9fLL4Ng&utm_campaign=yelp_api&utm_medium=api_v2_search&utm_source=W0G1IM24rTZuneG9fLL4Ng,blatt-beer-and-table-dallas-2
252,No.1 Plus Chicken,4.5,Dallas,https://www.yelp.com/biz/no-1-plus-chicken-dallas?adjust_creative=W0G1IM24rTZuneG9fLL4Ng&utm_campaign=yelp_api&utm_medium=api_v2_search&utm_source=W0G1IM24rTZuneG9fLL4Ng,no-1-plus-chicken-dallas
253,Tutta's Pizza,4.5,Dallas,https://www.yelp.com/biz/tuttas-pizza-dallas-2?adjust_creative=W0G1IM24rTZuneG9fLL4Ng&utm_campaign=yelp_api&utm_medium=api_v2_search&utm_source=W0G1IM24rTZuneG9fLL4Ng,tuttas-pizza-dallas-2
254,Niwa Japanese BBQ,4.5,Dallas,https://www.yelp.com/biz/niwa-japanese-bbq-dallas?adjust_creative=W0G1IM24rTZuneG9fLL4Ng&utm_campaign=yelp_api&utm_medium=api_v2_search&utm_source=W0G1IM24rTZuneG9fLL4Ng,niwa-japanese-bbq-dallas
255,Cafe Strada,4.5,Dallas,https://www.yelp.com/biz/cafe-strada-dallas-2?adjust_creative=W0G1IM24rTZuneG9fLL4Ng&utm_campaign=yelp_api&utm_medium=api_v2_search&utm_source=W0G1IM24rTZuneG9fLL4Ng,cafe-strada-dallas-2
256,Uncle Uber's,4.5,Dallas,https://www.yelp.com/biz/uncle-ubers-dallas-2?adjust_creative=W0G1IM24rTZuneG9fLL4Ng&utm_campaign=yelp_api&utm_medium=api_v2_search&utm_source=W0G1IM24rTZuneG9fLL4Ng,uncle-ubers-dallas-2
257,Ephesus Mediterranean Grill,4.5,Dallas,https://www.yelp.com/biz/ephesus-mediterranean-grill-dallas?adjust_creative=W0G1IM24rTZuneG9fLL4Ng&utm_campaign=yelp_api&utm_medium=api_v2_search&utm_source=W0G1IM24rTZuneG9fLL4Ng,ephesus-mediterranean-grill-dallas
258,Pie Tap Pizza Workshop + Bar,4.5,Dallas,https://www.yelp.com/biz/pie-tap-pizza-workshop-bar-dallas-2?adjust_creative=W0G1IM24rTZuneG9fLL4Ng&utm_campaign=yelp_api&utm_medium=api_v2_search&utm_source=W0G1IM24rTZuneG9fLL4Ng,pie-tap-pizza-workshop-bar-dallas-2
259,Cattleack Barbeque,4.5,Dallas,https://www.yelp.com/biz/cattleack-barbeque-dallas?adjust_creative=W0G1IM24rTZuneG9fLL4Ng&utm_campaign=yelp_api&utm_medium=api_v2_search&utm_source=W0G1IM24rTZuneG9fLL4Ng,cattleack-barbeque-dallas
260,Social Pie,4.5,Dallas,https://www.yelp.com/biz/social-pie-dallas?adjust_creative=W0G1IM24rTZuneG9fLL4Ng&utm_campaign=yelp_api&utm_medium=api_v2_search&utm_source=W0G1IM24rTZuneG9fLL4Ng,social-pie-dallas
261,Tacos Mariachi,4.5,Dallas,https://www.yelp.com/biz/tacos-mariachi-dallas?adjust_creative=W0G1IM24rTZuneG9fLL4Ng&utm_campaign=yelp_api&utm_medium=api_v2_search&utm_source=W0G1IM24rTZuneG9fLL4Ng,tacos-mariachi-dallas
262,Sabaidee Lao & Thai Street Food,4.5,Dallas,https://www.yelp.com/biz/sabaidee-lao-and-thai-street-food-dallas?adjust_creative=W0G1IM24rTZuneG9fLL4Ng&utm_campaign=yelp_api&utm_medium=api_v2_search&utm_source=W0G1IM24rTZuneG9fLL4Ng,sabaidee-lao-and-thai-street-food-dallas
264,Fharmacy Nola,5,New Orleans,https://www.yelp.com/biz/fharmacy-nola-new-orleans?adjust_creative=W0G1IM24rTZuneG9fLL4Ng&utm_campaign=yelp_api&utm_medium=api_v2_search&utm_source=W0G1IM24rTZuneG9fLL4Ng,fharmacy-nola-new-orleans
265,Trenasse,4.5,New Orleans,https://www.yelp.com/biz/trenasse-new-orleans?adjust_creative=W0G1IM24rTZuneG9fLL4Ng&utm_campaign=yelp_api&utm_medium=api_v2_search&utm_source=W0G1IM24rTZuneG9fLL4Ng,trenasse-new-orleans
266,Red Dog Diner,4.5,New Orleans,https://www.yelp.com/biz/red-dog-diner-new-orleans?adjust_creative=W0G1IM24rTZuneG9fLL4Ng&utm_campaign=yelp_api&utm_medium=api_v2_search&utm_source=W0G1IM24rTZuneG9fLL4Ng,red-dog-diner-new-orleans
267,GW Fins,4.5,New Orleans,https://www.yelp.com/biz/gw-fins-new-orleans-2?adjust_creative=W0G1IM24rTZuneG9fLL4Ng&utm_campaign=yelp_api&utm_medium=api_v2_search&utm_source=W0G1IM24rTZuneG9fLL4Ng,gw-fins-new-orleans-2
268,Majoria's Commerce Restaurant,4.5,New Orleans,https://www.yelp.com/biz/majorias-commerce-restaurant-new-orleans?adjust_creative=W0G1IM24rTZuneG9fLL4Ng&utm_campaign=yelp_api&utm_medium=api_v2_search&utm_source=W0G1IM24rTZuneG9fLL4Ng,majorias-commerce-restaurant-new-orleans
269,Cleo's,4.5,New Orleans,https://www.yelp.com/biz/cleos-new-orleans?adjust_creative=W0G1IM24rTZuneG9fLL4Ng&utm_campaign=yelp_api&utm_medium=api_v2_search&utm_source=W0G1IM24rTZuneG9fLL4Ng,cleos-new-orleans
270,Rollin Fatties,5,New Orleans,https://www.yelp.com/biz/rollin-fatties-new-orleans-2?adjust_creative=W0G1IM24rTZuneG9fLL4Ng&utm_campaign=yelp_api&utm_medium=api_v2_search&utm_source=W0G1IM24rTZuneG9fLL4Ng,rollin-fatties-new-orleans-2
271,Jacques-Imo's Cafe,4.5,New Orleans,https://www.yelp.com/biz/jacques-imos-cafe-new-orleans?adjust_creative=W0G1IM24rTZuneG9fLL4Ng&utm_campaign=yelp_api&utm_medium=api_v2_search&utm_source=W0G1IM24rTZuneG9fLL4Ng,jacques-imos-cafe-new-orleans
272,Surrey's Café & Juice Bar,4.5,New Orleans,https://www.yelp.com/biz/surreys-caf%C3%A9-and-juice-bar-new-orleans-2?adjust_creative=W0G1IM24rTZuneG9fLL4Ng&utm_campaign=yelp_api&utm_medium=api_v2_search&utm_source=W0G1IM24rTZuneG9fLL4Ng,surreys-café-and-juice-bar-new-orleans-2
273,Kayla's Restaurant,5,New Orleans,https://www.yelp.com/biz/kaylas-restaurant-new-orleans?adjust_creative=W0G1IM24rTZuneG9fLL4Ng&utm_campaign=yelp_api&utm_medium=api_v2_search&utm_source=W0G1IM24rTZuneG9fLL4Ng,kaylas-restaurant-new-orleans
274,District Donuts Sliders Brew,4.5,New Orleans,https://www.yelp.com/biz/district-donuts-sliders-brew-new-orleans?adjust_creative=W0G1IM24rTZuneG9fLL4Ng&utm_campaign=yelp_api&utm_medium=api_v2_search&utm_source=W0G1IM24rTZuneG9fLL4Ng,district-donuts-sliders-brew-new-orleans
275,Commander's Palace,4.5,New Orleans,https://www.yelp.com/biz/commanders-palace-new-orleans-2?adjust_creative=W0G1IM24rTZuneG9fLL4Ng&utm_campaign=yelp_api&utm_medium=api_v2_search&utm_source=W0G1IM24rTZuneG9fLL4Ng,commanders-palace-new-orleans-2
276,Turkey and the Wolf,4.5,New Orleans,https://www.yelp.com/biz/turkey-and-the-wolf-new-orleans?adjust_creative=W0G1IM24rTZuneG9fLL4Ng&utm_campaign=yelp_api&utm_medium=api_v2_search&utm_source=W0G1IM24rTZuneG9fLL4Ng,turkey-and-the-wolf-new-orleans
277,Shawarma on the Go,4.5,New Orleans,https://www.yelp.com/biz/shawarma-on-the-go-new-orleans-2?adjust_creative=W0G1IM24rTZuneG9fLL4Ng&utm_campaign=yelp_api&utm_medium=api_v2_search&utm_source=W0G1IM24rTZuneG9fLL4Ng,shawarma-on-the-go-new-orleans-2
278,Café Amelie,4.5,New Orleans,https://www.yelp.com/biz/caf%C3%A9-amelie-new-orleans-2?adjust_creative=W0G1IM24rTZuneG9fLL4Ng&utm_campaign=yelp_api&utm_medium=api_v2_search&utm_source=W0G1IM24rTZuneG9fLL4Ng,café-amelie-new-orleans-2
279,Atchafalaya Restaurant,4.5,New Orleans,https://www.yelp.com/biz/atchafalaya-restaurant-new-orleans?adjust_creative=W0G1IM24rTZuneG9fLL4Ng&utm_campaign=yelp_api&utm_medium=api_v2_search&utm_source=W0G1IM24rTZuneG9fLL4Ng,atchafalaya-restaurant-new-orleans
280,Cochon Butcher,4.5,New Orleans,https://www.yelp.com/biz/cochon-butcher-new-orleans-2?adjust_creative=W0G1IM24rTZuneG9fLL4Ng&utm_campaign=yelp_api&utm_medium=api_v2_search&utm_source=W0G1IM24rTZuneG9fLL4Ng,cochon-butcher-new-orleans-2
281,The Joint,4.5,New Orleans,https://www.yelp.com/biz/the-joint-new-orleans?adjust_creative=W0G1IM24rTZuneG9fLL4Ng&utm_campaign=yelp_api&utm_medium=api_v2_search&utm_source=W0G1IM24rTZuneG9fLL4Ng,the-joint-new-orleans
282,Shank Charcuterie,5,New Orleans,https://www.yelp.com/biz/shank-charcuterie-new-orleans?adjust_creative=W0G1IM24rTZuneG9fLL4Ng&utm_campaign=yelp_api&utm_medium=api_v2_search&utm_source=W0G1IM24rTZuneG9fLL4Ng,shank-charcuterie-new-orleans
283,Restaurant R'evolution,4.5,New Orleans,https://www.yelp.com/biz/restaurant-revolution-new-orleans-3?adjust_creative=W0G1IM24rTZuneG9fLL4Ng&utm_campaign=yelp_api&utm_medium=api_v2_search&utm_source=W0G1IM24rTZuneG9fLL4Ng,restaurant-revolution-new-orleans-3
